id,order_id,order_fulfillment_order_id,is_contained_single_product,created_at
1,2,2,0,2022-12-01 02:12:42
2,3,3,0,2022-12-01 02:12:42
3,3,4,0,2022-12-01 02:12:42
4,1,1,0,2022-12-01 02:12:42
5,4,5,0,2022-12-01 02:13:41
6,5,6,0,2022-12-01 02:13:41
7,7,8,0,2022-12-01 02:14:41
8,6,7,0,2022-12-01 02:14:42
9,8,9,0,2022-12-01 02:15:41
10,9,10,0,2022-12-01 02:15:41
11,10,11,0,2022-12-01 02:16:41
12,11,12,0,2022-12-01 02:16:41
13,12,13,0,2022-12-01 02:17:42
14,13,14,0,2022-12-01 02:18:13
15,14,15,0,2022-12-01 02:43:50
16,15,16,0,2022-12-01 03:00:30
17,16,17,0,2022-12-01 03:03:28
18,17,18,0,2022-12-01 03:21:12
19,18,20,0,2022-12-01 03:35:07
20,18,21,0,2022-12-01 03:35:08
21,18,19,0,2022-12-01 03:35:08
22,19,22,0,2022-12-01 03:58:16
23,20,23,0,2022-12-01 04:17:54
24,21,24,0,2022-12-01 04:59:59
25,22,25,0,2022-12-01 05:20:04
26,23,26,0,2022-12-01 05:56:55
27,24,27,0,2022-12-01 07:50:50
28,25,28,0,2022-12-01 09:48:42
29,26,29,0,2022-12-01 10:54:49
30,27,30,0,2022-12-01 14:11:17
31,28,31,0,2022-12-01 15:33:12
32,29,32,0,2022-12-01 15:35:16
33,30,33,0,2022-12-01 15:42:39
34,31,35,0,2022-12-01 16:04:43
35,31,34,0,2022-12-01 16:04:43
36,32,36,0,2022-12-01 16:10:28
37,33,37,0,2022-12-01 17:49:02
38,34,38,0,2022-12-01 17:56:24
39,35,39,0,2022-12-01 19:46:40
40,36,40,0,2022-12-01 20:32:27
41,37,42,0,2022-12-01 20:38:31
42,37,41,0,2022-12-01 20:38:31
43,38,43,0,2022-12-01 20:54:57
44,39,44,0,2022-12-01 21:00:28
45,40,45,0,2022-12-01 21:12:00
46,41,46,0,2022-12-01 21:34:01
47,42,47,0,2022-12-01 21:41:54
48,43,48,0,2022-12-01 21:49:11
49,44,49,0,2022-12-01 22:15:00
50,45,50,0,2022-12-01 22:17:41
51,46,51,0,2022-12-01 22:28:24
52,47,52,0,2022-12-01 23:41:25
53,48,53,0,2022-12-02 00:45:58
54,49,54,0,2022-12-02 01:07:28
55,50,55,0,2022-12-02 01:11:23
56,51,56,0,2022-12-02 01:42:20
57,52,57,0,2022-12-02 01:56:47
58,53,58,0,2022-12-02 02:48:06
59,54,59,0,2022-12-02 03:22:33
60,55,60,0,2022-12-02 03:22:35
61,56,61,0,2022-12-02 03:55:16
62,57,62,0,2022-12-02 04:36:32
63,58,63,0,2022-12-02 04:51:20
64,59,64,0,2022-12-02 05:19:03
65,60,65,0,2022-12-02 06:03:27
66,61,66,0,2022-12-02 06:10:27
67,62,67,0,2022-12-02 06:11:33
68,63,68,0,2022-12-02 06:18:53
69,64,69,0,2022-12-02 06:33:51
70,65,70,0,2022-12-02 06:35:13
71,66,72,0,2022-12-02 06:49:09
72,66,71,0,2022-12-02 06:49:09
73,67,73,0,2022-12-02 06:52:27
74,68,74,0,2022-12-02 12:00:07
75,69,75,0,2022-12-02 13:47:33
76,70,76,0,2022-12-02 14:14:23
77,70,77,0,2022-12-02 14:14:23
78,71,78,0,2022-12-02 15:53:33
79,72,79,0,2022-12-02 16:18:44
80,73,80,0,2022-12-02 16:36:15
81,74,81,0,2022-12-02 17:00:24
82,75,82,0,2022-12-02 17:04:56
83,76,83,0,2022-12-02 17:15:02
84,77,84,0,2022-12-02 17:34:46
85,78,85,0,2022-12-02 17:46:57
86,79,86,0,2022-12-02 17:48:29
87,80,87,0,2022-12-02 17:50:37
88,81,88,0,2022-12-02 18:02:46
89,82,89,0,2022-12-02 18:03:05
90,83,91,0,2022-12-02 18:04:49
91,83,90,0,2022-12-02 18:04:49
92,84,92,0,2022-12-02 18:06:28
93,85,94,0,2022-12-02 18:14:08
94,85,93,0,2022-12-02 18:14:08
95,86,95,0,2022-12-02 18:26:10
96,87,96,0,2022-12-02 18:28:18
97,87,97,0,2022-12-02 18:28:18
98,88,98,0,2022-12-02 19:05:27
99,89,99,0,2022-12-02 19:06:29
100,90,100,0,2022-12-02 19:14:31
101,91,102,0,2022-12-02 19:28:10
102,91,101,0,2022-12-02 19:28:10
103,92,103,0,2022-12-02 19:46:09
104,93,104,0,2022-12-02 19:47:29
105,94,106,0,2022-12-02 20:05:56
106,94,105,0,2022-12-02 20:05:56
107,95,107,0,2022-12-02 20:07:25
108,96,108,0,2022-12-02 20:12:27
109,97,109,0,2022-12-02 20:35:37
110,98,111,0,2022-12-02 20:36:04
111,98,110,0,2022-12-02 20:36:04
112,99,112,0,2022-12-02 20:44:55
113,100,113,0,2022-12-02 20:45:25
114,101,114,0,2022-12-02 21:06:17
115,102,115,0,2022-12-02 21:11:21
116,103,116,0,2022-12-02 21:15:49
117,104,117,0,2022-12-02 21:27:57
118,105,118,0,2022-12-02 22:06:59
119,106,119,0,2022-12-02 23:29:47
120,107,120,0,2022-12-02 23:38:42
121,108,121,0,2022-12-02 23:56:44
122,109,122,0,2022-12-03 00:08:26
123,110,124,0,2022-12-03 00:22:51
124,110,123,0,2022-12-03 00:22:51
125,111,125,0,2022-12-03 00:29:56
126,112,126,0,2022-12-03 00:51:28
127,113,127,0,2022-12-03 01:01:36
128,114,128,0,2022-12-03 01:34:18
129,115,129,0,2022-12-03 01:45:48
130,116,130,0,2022-12-03 02:29:42
131,117,132,0,2022-12-03 02:58:30
132,117,131,0,2022-12-03 02:58:30
133,118,133,0,2022-12-03 03:17:53
134,119,134,0,2022-12-03 03:26:37
135,120,135,0,2022-12-03 04:45:49
136,121,136,0,2022-12-03 05:21:09
137,122,137,0,2022-12-03 07:42:59
138,123,138,0,2022-12-03 08:32:34
139,124,140,0,2022-12-03 08:49:45
140,124,139,0,2022-12-03 08:49:45
141,125,141,0,2022-12-03 11:46:17
142,126,142,0,2022-12-03 12:07:24
143,127,143,0,2022-12-03 12:51:41
144,128,144,0,2022-12-03 14:35:42
145,129,145,0,2022-12-03 15:10:32
146,130,146,0,2022-12-03 15:44:07
147,131,147,0,2022-12-03 15:58:15
148,132,148,0,2022-12-03 17:02:59
149,133,149,0,2022-12-03 17:05:24
150,134,150,0,2022-12-03 17:21:52
151,135,152,0,2022-12-03 17:32:37
152,135,151,0,2022-12-03 17:32:37
153,136,153,0,2022-12-03 17:36:35
154,137,154,0,2022-12-03 17:39:58
155,138,155,0,2022-12-03 18:04:02
156,139,156,0,2022-12-03 18:21:54
157,140,157,0,2022-12-03 18:27:35
158,141,158,0,2022-12-03 18:35:31
159,142,159,0,2022-12-03 18:47:56
160,143,161,0,2022-12-03 19:10:27
161,143,160,0,2022-12-03 19:10:27
162,144,162,0,2022-12-03 19:12:23
163,145,163,0,2022-12-03 19:16:03
164,146,164,0,2022-12-03 19:26:56
165,147,166,0,2022-12-03 19:36:47
166,147,165,0,2022-12-03 19:36:47
167,148,167,0,2022-12-03 19:58:49
168,149,168,0,2022-12-03 20:16:21
169,150,169,0,2022-12-03 20:32:55
170,151,171,0,2022-12-03 20:45:07
171,151,170,0,2022-12-03 20:45:07
172,152,172,0,2022-12-03 21:00:02
173,153,173,0,2022-12-03 21:03:33
174,154,174,0,2022-12-03 21:08:37
175,155,175,0,2022-12-03 21:31:58
176,156,176,0,2022-12-03 22:57:19
177,157,178,0,2022-12-03 22:57:23
178,157,177,0,2022-12-03 22:57:23
179,158,179,0,2022-12-03 23:05:57
180,159,180,0,2022-12-03 23:09:32
181,160,181,0,2022-12-03 23:15:12
182,161,183,0,2022-12-03 23:23:08
183,161,182,0,2022-12-03 23:23:08
184,162,185,0,2022-12-03 23:30:33
185,162,184,0,2022-12-03 23:30:33
186,163,186,0,2022-12-03 23:31:08
187,164,188,0,2022-12-03 23:36:10
188,164,187,0,2022-12-03 23:36:10
189,165,189,0,2022-12-03 23:50:01
190,166,190,0,2022-12-03 23:50:17
191,167,191,0,2022-12-04 00:09:05
192,168,192,0,2022-12-04 00:10:29
193,169,194,0,2022-12-04 00:29:11
194,169,193,0,2022-12-04 00:29:11
195,170,195,0,2022-12-04 00:55:30
196,171,196,0,2022-12-04 01:03:25
197,172,197,0,2022-12-04 01:10:29
198,173,198,0,2022-12-04 01:17:37
199,174,199,0,2022-12-04 01:18:58
200,175,200,0,2022-12-04 01:34:08
201,176,201,0,2022-12-04 01:59:21
202,177,202,0,2022-12-04 02:09:58
203,178,203,0,2022-12-04 02:18:59
204,179,204,0,2022-12-04 02:22:55
205,180,205,0,2022-12-04 02:26:27
206,181,206,0,2022-12-04 02:39:42
207,182,207,0,2022-12-04 02:45:53
208,183,208,0,2022-12-04 03:19:30
209,184,209,0,2022-12-04 03:59:59
210,185,210,0,2022-12-04 04:48:35
211,186,212,0,2022-12-04 04:50:38
212,186,211,0,2022-12-04 04:50:38
213,187,214,0,2022-12-04 05:15:53
214,187,213,0,2022-12-04 05:15:53
215,188,215,0,2022-12-04 06:14:55
216,189,216,0,2022-12-04 06:21:46
217,190,217,0,2022-12-04 06:23:25
218,191,218,0,2022-12-04 06:24:17
219,192,220,0,2022-12-04 06:33:18
220,192,219,0,2022-12-04 06:33:18
221,193,221,0,2022-12-04 06:55:03
222,194,222,0,2022-12-04 06:55:11
223,195,223,0,2022-12-04 07:05:45
224,196,224,0,2022-12-04 07:08:46
225,197,225,0,2022-12-04 07:19:11
226,198,226,0,2022-12-04 07:24:21
227,199,227,0,2022-12-04 07:48:34
228,200,228,0,2022-12-04 09:38:30
229,201,229,0,2022-12-04 09:40:09
230,202,230,0,2022-12-04 09:56:22
231,203,231,0,2022-12-04 10:48:09
232,203,232,0,2022-12-04 10:48:09
233,204,233,0,2022-12-04 11:35:35
234,204,234,0,2022-12-04 11:35:36
235,205,235,0,2022-12-04 13:26:40
236,206,236,0,2022-12-04 13:50:45
237,207,237,0,2022-12-04 14:36:57
238,208,238,0,2022-12-04 14:45:12
239,209,239,0,2022-12-04 15:01:12
240,210,240,0,2022-12-04 15:09:24
241,211,242,0,2022-12-04 16:09:20
242,211,241,0,2022-12-04 16:09:20
243,212,243,0,2022-12-04 16:29:16
244,213,244,0,2022-12-04 16:38:56
245,214,246,0,2022-12-04 17:07:30
246,214,245,0,2022-12-04 17:07:30
247,215,247,0,2022-12-04 17:34:39
248,216,248,0,2022-12-04 17:37:36
249,217,249,0,2022-12-04 17:38:30
250,218,250,0,2022-12-04 17:43:56
251,219,251,0,2022-12-04 17:44:47
252,220,252,0,2022-12-04 18:02:48
253,221,253,0,2022-12-04 18:13:52
254,222,254,0,2022-12-04 18:39:38
255,223,255,0,2022-12-04 18:39:58
256,224,256,0,2022-12-04 18:51:08
257,225,257,0,2022-12-04 18:54:36
258,226,258,0,2022-12-04 19:07:25
259,227,259,0,2022-12-04 19:15:58
260,228,261,0,2022-12-04 19:29:59
261,228,260,0,2022-12-04 19:29:59
262,229,262,0,2022-12-04 19:33:38
263,230,263,0,2022-12-04 19:40:12
264,231,264,0,2022-12-04 19:40:56
265,232,265,0,2022-12-04 19:41:59
266,233,266,0,2022-12-04 19:59:25
267,234,267,0,2022-12-04 20:03:50
268,235,268,0,2022-12-04 20:09:00
269,236,269,0,2022-12-04 20:28:13
270,237,270,0,2022-12-04 20:31:37
271,237,271,0,2022-12-04 20:31:37
272,238,272,0,2022-12-04 21:01:57
273,239,273,0,2022-12-04 21:18:51
274,240,274,0,2022-12-04 21:28:10
275,241,275,0,2022-12-04 21:46:54
276,242,276,0,2022-12-04 21:49:54
277,243,277,0,2022-12-04 21:53:07
278,244,278,0,2022-12-04 22:13:35
279,245,279,0,2022-12-04 22:38:46
280,246,280,0,2022-12-04 23:01:20
281,247,281,0,2022-12-04 23:31:14
282,248,282,0,2022-12-04 23:38:00
283,249,283,0,2022-12-04 23:39:33
284,250,284,0,2022-12-04 23:40:07
285,251,285,0,2022-12-04 23:42:58
286,252,286,0,2022-12-04 23:47:03
287,253,288,0,2022-12-04 23:54:13
288,253,287,0,2022-12-04 23:54:13
289,254,290,0,2022-12-05 00:11:36
290,254,289,0,2022-12-05 00:11:36
291,255,291,0,2022-12-05 00:27:49
292,256,292,0,2022-12-05 00:29:16
293,257,293,0,2022-12-05 00:33:15
294,257,294,0,2022-12-05 00:33:15
295,258,295,0,2022-12-05 00:33:34
296,259,296,0,2022-12-05 00:36:14
297,260,298,0,2022-12-05 00:41:13
298,260,297,0,2022-12-05 00:41:13
299,261,299,0,2022-12-05 00:54:16
300,262,300,0,2022-12-05 01:02:57
301,263,301,0,2022-12-05 01:15:45
302,264,302,0,2022-12-05 01:23:30
303,265,303,0,2022-12-05 01:44:18
304,266,304,0,2022-12-05 01:50:36
305,267,305,0,2022-12-05 02:08:06
306,268,306,0,2022-12-05 02:18:11
307,269,307,0,2022-12-05 02:24:13
308,270,308,0,2022-12-05 02:28:02
309,271,309,0,2022-12-05 02:44:09
310,272,310,0,2022-12-05 03:02:42
311,273,311,0,2022-12-05 03:20:00
312,274,312,0,2022-12-05 03:24:10
313,275,313,0,2022-12-05 03:31:15
314,276,315,0,2022-12-05 03:39:34
315,276,314,0,2022-12-05 03:39:34
316,277,317,0,2022-12-05 03:42:45
317,277,316,0,2022-12-05 03:42:45
318,278,319,0,2022-12-05 03:44:55
319,278,318,0,2022-12-05 03:44:55
320,279,320,0,2022-12-05 03:49:33
321,280,322,0,2022-12-05 03:59:51
322,280,321,0,2022-12-05 03:59:51
323,281,323,0,2022-12-05 04:03:47
324,282,324,0,2022-12-05 04:18:04
325,283,325,0,2022-12-05 04:22:49
326,284,326,0,2022-12-05 04:24:15
327,285,327,0,2022-12-05 04:37:39
328,286,328,0,2022-12-05 04:43:37
329,286,329,0,2022-12-05 04:43:37
330,287,330,0,2022-12-05 04:51:52
331,288,331,0,2022-12-05 05:06:02
332,289,332,0,2022-12-05 05:11:53
333,290,333,0,2022-12-05 05:13:32
334,291,335,0,2022-12-05 06:13:18
335,291,334,0,2022-12-05 06:13:18
336,292,337,0,2022-12-05 07:56:46
337,292,336,0,2022-12-05 07:56:46
338,293,339,0,2022-12-05 07:58:02
339,293,338,0,2022-12-05 07:58:02
340,294,340,0,2022-12-05 08:06:02
341,295,341,0,2022-12-05 08:09:51
342,296,342,0,2022-12-05 08:27:06
343,297,343,0,2022-12-05 09:26:10
344,298,345,0,2022-12-05 09:43:29
345,298,344,0,2022-12-05 09:43:30
346,299,346,0,2022-12-05 11:15:19
347,300,348,0,2022-12-05 13:22:33
348,300,347,0,2022-12-05 13:22:33
349,301,349,0,2022-12-05 14:05:26
352,303,352,0,2022-12-05 14:15:27
353,304,353,0,2022-12-05 15:26:56
354,305,354,0,2022-12-05 15:48:07
355,306,355,0,2022-12-05 16:24:55
356,307,356,0,2022-12-05 16:30:34
357,308,357,0,2022-12-05 16:57:43
358,309,358,0,2022-12-05 16:59:47
359,310,359,0,2022-12-05 17:00:35
360,311,360,0,2022-12-05 17:00:36
361,312,361,0,2022-12-05 17:25:34
362,313,362,0,2022-12-05 17:33:35
363,314,365,0,2022-12-05 17:39:44
364,314,363,0,2022-12-05 17:39:44
365,314,364,0,2022-12-05 17:39:44
366,315,366,0,2022-12-05 17:43:02
367,316,367,0,2022-12-05 17:59:36
368,317,368,0,2022-12-05 18:06:46
369,318,369,0,2022-12-05 18:07:20
370,319,370,0,2022-12-05 18:11:40
371,320,371,0,2022-12-05 18:18:37
372,321,372,0,2022-12-05 18:28:55
373,322,373,0,2022-12-05 18:29:20
374,323,374,0,2022-12-05 18:41:02
375,324,375,0,2022-12-05 19:10:10
376,325,376,0,2022-12-05 19:12:22
377,326,377,0,2022-12-05 19:19:33
378,327,378,0,2022-12-05 19:45:10
379,328,379,0,2022-12-05 19:51:37
380,329,380,0,2022-12-05 20:20:30
381,330,381,0,2022-12-05 20:22:58
382,331,383,0,2022-12-05 20:26:27
383,331,382,0,2022-12-05 20:26:27
384,332,384,0,2022-12-05 20:31:25
385,333,385,0,2022-12-05 21:02:15
386,334,386,0,2022-12-05 21:28:27
387,335,387,0,2022-12-05 21:42:30
388,336,388,0,2022-12-05 22:10:29
389,337,389,0,2022-12-05 22:17:06
390,338,390,0,2022-12-05 23:25:17
391,339,391,0,2022-12-05 23:33:58
392,340,392,0,2022-12-05 23:47:40
393,341,393,0,2022-12-06 00:10:55
394,342,394,0,2022-12-06 00:11:35
395,343,395,0,2022-12-06 00:19:48
396,344,397,0,2022-12-06 00:28:25
397,344,396,0,2022-12-06 00:28:25
398,345,398,0,2022-12-06 00:43:57
399,346,399,0,2022-12-06 01:02:50
400,347,400,0,2022-12-06 01:07:52
401,348,401,0,2022-12-06 02:04:33
402,349,402,0,2022-12-06 02:23:11
403,350,403,0,2022-12-06 02:45:24
404,351,404,0,2022-12-06 02:46:10
405,352,405,0,2022-12-06 03:13:52
406,353,406,0,2022-12-06 03:14:10
407,354,408,0,2022-12-06 03:15:43
408,354,407,0,2022-12-06 03:15:44
409,355,409,0,2022-12-06 03:38:09
410,356,410,0,2022-12-06 03:50:18
411,357,411,0,2022-12-06 03:54:46
412,358,412,0,2022-12-06 04:09:07
413,359,413,0,2022-12-06 04:20:58
414,360,415,0,2022-12-06 05:09:29
415,360,414,0,2022-12-06 05:09:29
416,361,417,0,2022-12-06 05:27:43
417,361,416,0,2022-12-06 05:27:43
418,362,418,0,2022-12-06 05:28:16
419,363,419,0,2022-12-06 05:50:13
420,364,420,0,2022-12-06 06:11:06
421,365,424,0,2022-12-06 06:33:27
422,365,421,0,2022-12-06 06:33:28
423,365,423,0,2022-12-06 06:33:28
424,365,422,0,2022-12-06 06:33:28
425,366,425,0,2022-12-06 06:59:13
426,366,426,0,2022-12-06 06:59:13
427,367,428,0,2022-12-06 07:19:43
428,367,427,0,2022-12-06 07:19:43
429,368,429,0,2022-12-06 08:11:54
430,369,430,0,2022-12-12 09:00:38
431,370,431,0,2022-12-13 07:27:42
432,370,432,0,2022-12-13 07:27:42
433,371,433,0,2022-12-13 11:16:59
434,371,434,0,2022-12-13 11:16:59
435,372,436,0,2022-12-13 11:18:29
436,372,435,0,2022-12-13 11:18:29
437,373,438,0,2022-12-13 11:18:45
438,373,437,0,2022-12-13 11:18:45
439,374,439,0,2022-12-13 11:19:52
440,375,440,0,2022-12-13 11:21:24
441,375,441,0,2022-12-13 11:21:24
442,376,443,0,2022-12-13 11:23:17
443,376,442,0,2022-12-13 11:23:18
444,377,445,0,2022-12-13 11:24:32
445,377,444,0,2022-12-13 11:24:32
446,378,447,0,2022-12-13 11:26:57
447,378,446,0,2022-12-13 11:26:57
448,379,449,0,2022-12-13 11:35:42
449,379,448,0,2022-12-13 11:35:42
450,380,450,0,2022-12-13 11:46:15
451,380,451,0,2022-12-13 11:46:15
452,381,453,0,2022-12-13 12:28:16
453,381,452,0,2022-12-13 12:28:16
454,382,455,0,2022-12-13 12:28:42
455,382,454,0,2022-12-13 12:28:42
456,383,457,0,2022-12-13 12:29:22
457,383,456,0,2022-12-13 12:29:22
458,384,458,0,2022-12-13 12:29:51
459,384,459,0,2022-12-13 12:29:51
460,385,461,0,2022-12-13 12:30:29
461,385,460,0,2022-12-13 12:30:29
462,386,463,0,2022-12-13 13:07:51
463,386,462,0,2022-12-13 13:07:51
464,387,465,0,2022-12-13 13:09:08
465,387,464,0,2022-12-13 13:09:08
466,388,467,0,2022-12-13 13:12:27
467,388,466,0,2022-12-13 13:12:27
468,389,469,0,2022-12-13 13:13:27
469,389,468,0,2022-12-13 13:13:27
470,390,471,0,2022-12-13 13:15:33
471,390,470,0,2022-12-13 13:15:33
472,391,473,0,2022-12-14 01:12:06
473,391,472,0,2022-12-14 01:12:06
474,392,475,0,2022-12-14 02:58:43
475,392,474,0,2022-12-14 02:58:43
476,393,477,0,2022-12-14 07:26:58
477,393,476,0,2022-12-14 07:26:58
478,393,478,0,2022-12-14 07:26:58
479,394,479,0,2022-12-14 07:34:40
480,394,480,0,2022-12-14 07:34:40
481,394,481,0,2022-12-14 07:34:40
482,395,482,0,2022-12-15 07:17:50
483,395,483,0,2022-12-15 07:17:50
484,396,486,0,2022-12-15 07:36:01
485,396,484,0,2022-12-15 07:36:01
486,396,485,0,2022-12-15 07:36:01
487,397,487,0,2022-12-15 07:51:29
488,397,488,0,2022-12-15 07:51:30
489,398,489,0,2022-12-15 07:56:35
490,398,490,0,2022-12-15 07:56:35
491,399,492,0,2022-12-16 02:44:09
492,399,493,0,2022-12-16 02:44:09
493,399,491,0,2022-12-16 02:44:09
494,400,494,0,2022-12-16 02:45:29
495,400,495,0,2022-12-16 02:45:29
496,401,497,0,2022-12-16 05:12:32
497,401,496,0,2022-12-16 05:12:32
498,401,498,0,2022-12-16 05:12:32
499,402,501,0,2022-12-16 05:13:07
500,402,500,0,2022-12-16 05:13:07
501,402,499,0,2022-12-16 05:13:07
510,407,510,0,2022-12-16 05:49:03
511,408,511,0,2022-12-16 05:50:27
512,408,512,0,2022-12-16 05:50:27
513,409,513,0,2022-12-16 05:51:42
514,409,514,0,2022-12-16 05:51:42
515,410,517,0,2022-12-16 05:52:08
516,410,515,0,2022-12-16 05:52:09
517,410,516,0,2022-12-16 05:52:10
518,411,518,0,2022-12-16 05:54:32
519,412,519,0,2022-12-16 05:59:59
520,412,520,0,2022-12-16 05:59:59
521,413,521,0,2022-12-16 06:19:29
522,414,523,0,2022-12-16 06:21:30
523,414,522,0,2022-12-16 06:21:30
524,415,524,0,2022-12-16 06:48:28
525,416,525,0,2022-12-16 06:52:53
526,417,526,0,2022-12-16 07:02:43
527,418,527,0,2022-12-16 07:12:59
533,420,533,0,2022-12-16 07:42:26
534,421,534,0,2022-12-16 07:55:27
535,422,535,0,2022-12-16 08:04:47
536,423,536,0,2022-12-16 08:06:49
537,424,537,0,2022-12-16 08:11:40
538,425,539,0,2022-12-19 00:34:31
539,425,538,0,2022-12-19 00:34:31
540,426,540,0,2022-12-19 02:10:40
541,427,541,0,2022-12-19 05:04:42
542,427,542,0,2022-12-19 05:04:43
543,428,545,0,2022-12-19 05:19:21
544,428,544,0,2022-12-19 05:19:21
545,428,543,0,2022-12-19 05:19:21
546,429,546,0,2022-12-19 05:55:10
547,430,548,0,2022-12-19 06:06:18
548,430,547,0,2022-12-19 06:06:18
549,431,549,0,2022-12-19 06:21:02
550,431,551,0,2022-12-19 06:21:03
551,431,550,0,2022-12-19 06:21:03
552,432,552,0,2022-12-19 07:41:49
553,432,554,0,2022-12-19 07:41:50
554,432,553,0,2022-12-19 07:41:50
555,432,555,0,2022-12-19 07:41:51
556,433,556,0,2022-12-19 09:14:19
557,434,557,0,2022-12-21 01:40:02
558,435,559,0,2022-12-21 02:26:04
559,435,558,0,2022-12-21 02:26:05
560,436,560,0,2022-12-21 02:56:29
561,437,561,0,2022-12-21 06:48:52
562,438,562,0,2022-12-21 06:59:08
563,439,563,0,2022-12-21 07:31:51
564,440,564,0,2022-12-21 07:32:02
565,441,565,0,2022-12-21 07:46:40
566,442,566,0,2022-12-21 08:08:26
567,443,567,0,2022-12-21 09:06:41
568,444,568,0,2022-12-21 09:16:37
569,445,569,0,2022-12-23 02:37:47
570,446,570,0,2022-12-23 07:01:30
571,447,571,0,2022-12-23 07:02:22
572,448,572,0,2022-12-23 07:03:04
573,449,573,0,2022-12-23 07:08:41
574,450,574,0,2022-12-23 07:24:29
575,450,575,0,2022-12-23 07:24:29
576,451,577,0,2022-12-23 07:26:49
577,451,576,0,2022-12-23 07:26:49
578,452,579,0,2022-12-23 07:30:03
579,452,580,0,2022-12-23 07:30:03
580,452,578,0,2022-12-23 07:30:03
581,453,582,0,2022-12-23 07:57:45
582,453,581,0,2022-12-23 07:57:45
583,454,583,0,2022-12-23 11:01:52
584,455,584,0,2022-12-23 11:12:56
585,456,585,0,2022-12-23 11:13:55
586,457,586,0,2022-12-23 11:16:08
587,458,587,0,2022-12-23 11:17:51
588,459,588,0,2022-12-23 11:19:35
589,460,589,0,2022-12-23 11:20:33
590,461,590,0,2022-12-26 05:25:54
593,463,593,0,2022-12-28 08:49:33
594,463,594,0,2022-12-28 08:49:33
595,464,595,0,2022-12-28 09:37:12
596,465,596,0,2022-12-28 10:08:32
597,466,597,0,2022-12-28 10:51:46
602,472,602,0,2022-12-29 06:48:40
603,472,604,0,2022-12-29 06:48:41
604,472,603,0,2022-12-29 06:48:41
605,473,606,0,2022-12-29 06:53:21
606,473,605,0,2022-12-29 06:53:21
607,474,607,0,2022-12-29 07:00:54
608,474,608,0,2022-12-29 07:00:54
609,474,609,0,2022-12-29 07:00:54
610,474,610,0,2022-12-29 07:00:55
611,475,611,0,2022-12-29 07:06:31
612,475,612,0,2022-12-29 07:06:32
619,478,621,0,2022-12-29 07:57:40
620,478,619,0,2022-12-29 07:57:40
621,478,620,0,2022-12-29 07:57:41
622,479,624,0,2022-12-29 08:09:57
623,479,625,0,2022-12-29 08:09:57
624,479,626,0,2022-12-29 08:09:57
625,479,627,0,2022-12-29 08:09:57
626,479,628,0,2022-12-29 08:09:57
627,479,629,0,2022-12-29 08:09:57
628,479,630,0,2022-12-29 08:09:57
629,479,631,0,2022-12-29 08:09:57
630,479,634,0,2022-12-29 08:09:57
631,479,635,0,2022-12-29 08:09:57
632,479,636,0,2022-12-29 08:09:57
633,479,637,0,2022-12-29 08:09:57
634,479,638,0,2022-12-29 08:09:57
635,479,632,0,2022-12-29 08:09:57
636,479,622,0,2022-12-29 08:09:57
637,479,633,0,2022-12-29 08:09:57
638,479,639,0,2022-12-29 08:09:57
639,479,640,0,2022-12-29 08:09:57
640,479,641,0,2022-12-29 08:09:58
641,479,623,0,2022-12-29 08:09:58
642,480,642,0,2022-12-29 08:14:55
643,480,643,0,2022-12-29 08:14:55
644,480,645,0,2022-12-29 08:14:55
645,480,644,0,2022-12-29 08:14:56
648,482,649,0,2022-12-30 05:24:44
649,482,648,0,2022-12-30 05:24:44
653,484,655,0,2022-12-30 07:39:58
654,484,654,0,2022-12-30 07:40:00
655,484,653,0,2022-12-30 07:40:00
668,488,668,0,2022-12-30 08:22:41
669,488,670,0,2022-12-30 08:22:42
670,488,669,0,2022-12-30 08:22:42
676,490,676,0,2022-12-30 08:52:23
677,490,677,0,2022-12-30 08:52:24
678,490,679,0,2022-12-30 08:52:25
679,490,680,0,2022-12-30 08:52:25
680,490,678,0,2022-12-30 08:52:25
681,491,681,0,2022-12-30 09:01:23
682,491,682,0,2022-12-30 09:01:23
683,492,683,0,2023-01-02 09:20:41
684,492,684,0,2023-01-02 09:20:41
685,493,687,0,2023-01-02 09:50:22
686,493,688,0,2023-01-02 09:50:23
687,493,686,0,2023-01-02 09:50:24
688,493,685,0,2023-01-02 09:50:29
689,494,689,0,2023-01-03 05:40:25
690,495,690,0,2023-01-03 05:47:49
691,496,691,0,2023-01-03 05:50:05
692,497,692,0,2023-01-03 05:52:05
693,497,693,0,2023-01-03 05:52:05
694,497,694,0,2023-01-03 05:52:06
695,498,695,0,2023-01-03 05:54:35
696,499,697,0,2023-01-03 06:43:41
697,499,698,0,2023-01-03 06:43:41
698,499,696,0,2023-01-03 06:43:42
699,500,701,0,2023-01-03 07:09:51
700,500,699,0,2023-01-03 07:09:52
701,500,700,0,2023-01-03 07:09:52
702,501,702,0,2023-01-03 07:16:04
703,501,703,0,2023-01-03 07:16:04
704,501,704,0,2023-01-03 07:16:04
705,502,705,0,2023-01-03 07:19:13
706,503,706,0,2023-01-03 08:02:41
725,514,727,0,2023-01-04 09:02:29
726,514,728,0,2023-01-04 09:02:30
727,515,729,0,2023-01-05 09:07:35
728,516,730,0,2023-01-05 14:00:06
729,517,731,0,2023-01-06 04:42:07
730,518,732,0,2023-01-06 04:53:41
731,518,734,0,2023-01-06 04:53:42
732,518,733,0,2023-01-06 04:53:42
733,518,735,0,2023-01-06 04:53:43
734,519,736,0,2023-01-06 07:57:37
735,520,737,0,2023-01-06 08:00:33
736,520,738,0,2023-01-06 08:00:33
737,521,739,0,2023-01-06 08:07:04
738,521,740,0,2023-01-06 08:07:05
739,521,741,0,2023-01-06 08:07:05
740,522,743,0,2023-01-06 08:21:44
741,522,742,0,2023-01-06 08:21:44
742,522,744,0,2023-01-06 08:21:44
743,523,746,0,2023-01-06 08:23:02
744,523,745,0,2023-01-06 08:23:02
745,523,747,0,2023-01-06 08:23:03
746,524,749,0,2023-01-06 08:36:42
747,524,748,0,2023-01-06 08:36:42
748,524,750,0,2023-01-06 08:36:42
749,525,753,0,2023-01-06 08:38:28
750,525,751,0,2023-01-06 08:38:28
751,525,752,0,2023-01-06 08:38:28
752,526,754,0,2023-01-06 08:38:59
753,526,755,0,2023-01-06 08:38:59
754,526,756,0,2023-01-06 08:38:59
755,527,757,0,2023-01-06 08:39:57
756,527,758,0,2023-01-06 08:39:57
757,527,759,0,2023-01-06 08:39:58
758,528,762,0,2023-01-06 09:26:15
759,528,761,0,2023-01-06 09:26:15
760,528,760,0,2023-01-06 09:26:15
761,528,772,0,2023-01-06 09:26:16
762,528,773,0,2023-01-06 09:26:16
763,528,774,0,2023-01-06 09:26:16
764,528,769,0,2023-01-06 09:26:17
765,528,766,0,2023-01-06 09:26:17
766,528,764,0,2023-01-06 09:26:17
767,528,770,0,2023-01-06 09:26:17
768,528,771,0,2023-01-06 09:26:18
769,528,763,0,2023-01-06 09:26:18
770,528,767,0,2023-01-06 09:26:18
771,528,768,0,2023-01-06 09:26:19
772,528,765,0,2023-01-06 09:26:19
773,529,775,0,2023-01-06 10:26:49
774,530,777,0,2023-01-06 10:28:35
775,530,776,0,2023-01-06 10:28:35
776,531,778,0,2023-01-06 10:30:35
777,532,779,0,2023-01-06 11:15:16
778,532,780,0,2023-01-06 11:15:16
779,533,782,0,2023-01-06 11:24:00
780,533,781,0,2023-01-06 11:24:01
781,534,783,0,2023-01-09 06:31:33
782,535,784,0,2023-01-09 06:41:22
783,536,785,0,2023-01-09 06:44:46
784,536,786,0,2023-01-09 06:44:46
785,536,788,0,2023-01-09 06:44:47
786,536,789,0,2023-01-09 06:44:47
787,536,787,0,2023-01-09 06:44:47
788,536,790,0,2023-01-09 06:44:48
789,536,791,0,2023-01-09 06:44:48
790,537,792,0,2023-01-09 06:46:15
791,537,794,0,2023-01-09 06:46:16
792,537,793,0,2023-01-09 06:46:16
793,537,795,0,2023-01-09 06:46:16
794,537,796,0,2023-01-09 06:46:17
795,538,798,0,2023-01-09 06:47:37
796,538,797,0,2023-01-09 06:47:37
797,538,799,0,2023-01-09 06:47:37
798,539,800,0,2023-01-09 07:02:48
799,540,801,0,2023-01-09 07:05:03
800,540,802,0,2023-01-09 07:05:03
801,541,803,0,2023-01-09 07:07:18
802,541,804,0,2023-01-09 07:07:19
803,541,808,0,2023-01-09 07:07:19
804,541,809,0,2023-01-09 07:07:20
805,541,805,0,2023-01-09 07:07:20
806,541,806,0,2023-01-09 07:07:21
807,541,807,0,2023-01-09 07:07:21
808,542,811,0,2023-01-09 07:07:57
809,542,810,0,2023-01-09 07:07:58
810,542,812,0,2023-01-09 07:07:58
811,542,813,0,2023-01-09 07:07:58
812,543,820,0,2023-01-09 07:08:32
813,543,816,0,2023-01-09 07:08:32
814,543,814,0,2023-01-09 07:08:33
815,543,815,0,2023-01-09 07:08:33
816,543,819,0,2023-01-09 07:08:33
817,543,817,0,2023-01-09 07:08:33
818,543,818,0,2023-01-09 07:08:33
819,543,821,0,2023-01-09 07:08:34
820,544,822,0,2023-01-09 07:09:12
821,545,825,0,2023-01-09 07:09:50
822,545,824,0,2023-01-09 07:09:50
823,545,823,0,2023-01-09 07:09:50
824,545,826,0,2023-01-09 07:09:51
825,546,827,0,2023-01-09 07:10:33
826,547,829,0,2023-01-09 07:11:08
827,547,828,0,2023-01-09 07:11:09
828,548,830,0,2023-01-09 07:11:57
829,548,831,0,2023-01-09 07:11:57
830,549,833,0,2023-01-09 07:13:57
831,549,832,0,2023-01-09 07:13:57
832,549,834,0,2023-01-09 07:13:58
833,550,835,0,2023-01-09 10:07:32
834,550,837,0,2023-01-09 10:07:33
835,550,836,0,2023-01-09 10:07:33
836,551,838,0,2023-01-09 11:25:32
837,551,839,0,2023-01-09 11:25:32
838,551,840,0,2023-01-09 11:25:32
839,552,841,0,2023-01-09 11:41:22
840,552,842,0,2023-01-09 11:41:22
841,552,843,0,2023-01-09 11:41:22
842,553,844,0,2023-01-09 11:42:29
843,553,845,0,2023-01-09 11:42:29
844,553,846,0,2023-01-09 11:42:29
845,554,847,0,2023-01-09 11:47:07
846,555,850,0,2023-01-09 11:47:25
847,555,851,0,2023-01-09 11:47:26
848,555,852,0,2023-01-09 11:47:26
849,554,849,0,2023-01-09 11:47:32
850,554,848,0,2023-01-09 11:47:32
851,556,853,0,2023-01-09 11:48:04
852,556,854,0,2023-01-09 11:48:04
853,556,855,0,2023-01-09 11:48:04
854,557,857,0,2023-01-09 11:49:01
855,557,856,0,2023-01-09 11:49:01
856,557,858,0,2023-01-09 11:49:01
857,558,860,0,2023-01-09 11:51:07
858,558,861,0,2023-01-09 11:51:07
859,558,862,0,2023-01-09 11:51:08
860,558,859,0,2023-01-09 11:51:08
861,559,865,0,2023-01-09 11:51:56
862,559,864,0,2023-01-09 11:51:56
863,559,866,0,2023-01-09 11:51:56
864,559,863,0,2023-01-09 11:51:57
865,560,867,0,2023-01-09 11:55:18
866,560,868,0,2023-01-09 11:55:18
867,560,869,0,2023-01-09 11:55:18
868,560,870,0,2023-01-09 11:55:20
869,562,871,0,2023-01-09 11:57:04
870,562,872,0,2023-01-09 11:57:04
871,562,873,0,2023-01-09 11:57:04
872,562,874,0,2023-01-09 11:57:04
873,563,876,0,2023-01-09 11:57:09
874,563,877,0,2023-01-09 11:57:09
875,563,878,0,2023-01-09 11:57:09
876,563,875,0,2023-01-09 11:57:10
877,564,879,0,2023-01-09 11:58:25
878,564,880,0,2023-01-09 11:58:25
879,564,881,0,2023-01-09 11:58:25
880,564,882,0,2023-01-09 11:58:25
881,565,883,0,2023-01-09 11:59:09
882,565,884,0,2023-01-09 11:59:09
883,565,885,0,2023-01-09 11:59:09
884,565,886,0,2023-01-09 11:59:09
885,566,888,0,2023-01-09 12:02:45
886,566,887,0,2023-01-09 12:02:45
887,566,889,0,2023-01-09 12:02:45
888,568,892,0,2023-01-09 12:02:52
889,568,890,0,2023-01-09 12:02:52
890,568,891,0,2023-01-09 12:02:52
891,569,893,0,2023-01-09 12:03:38
892,569,894,0,2023-01-09 12:03:38
893,569,895,0,2023-01-09 12:03:38
894,570,896,0,2023-01-09 12:05:09
895,570,898,0,2023-01-09 12:05:09
896,570,897,0,2023-01-09 12:05:09
897,571,900,0,2023-01-09 13:19:02
898,571,901,0,2023-01-09 13:19:02
899,571,902,0,2023-01-09 13:19:03
900,571,899,0,2023-01-09 13:19:03
901,572,903,0,2023-01-09 13:19:20
902,572,904,0,2023-01-09 13:19:20
903,572,905,0,2023-01-09 13:19:20
904,573,907,0,2023-01-09 13:19:47
905,573,908,0,2023-01-09 13:19:47
906,573,909,0,2023-01-09 13:19:47
907,573,906,0,2023-01-09 13:19:47
908,574,912,0,2023-01-09 13:20:13
909,574,911,0,2023-01-09 13:20:13
910,574,910,0,2023-01-09 13:20:13
911,575,913,0,2023-01-09 13:20:48
912,575,914,0,2023-01-09 13:20:49
913,575,915,0,2023-01-09 13:20:50
914,575,916,0,2023-01-09 13:20:52
915,576,917,0,2023-01-09 13:21:08
916,576,919,0,2023-01-09 13:21:08
917,576,918,0,2023-01-09 13:21:08
918,577,920,0,2023-01-09 13:21:53
919,577,922,0,2023-01-09 13:21:54
920,577,921,0,2023-01-09 13:21:54
921,578,925,0,2023-01-09 13:24:51
922,578,923,0,2023-01-09 13:24:51
923,578,924,0,2023-01-09 13:24:51
924,579,926,0,2023-01-10 12:52:45
925,580,927,0,2023-01-11 04:46:03
926,581,928,0,2023-01-11 05:33:56
927,582,930,0,2023-01-11 05:48:24
928,582,929,0,2023-01-11 05:48:25
929,583,931,0,2023-01-11 05:48:53
930,584,932,0,2023-01-11 05:54:10
931,585,934,0,2023-01-11 06:10:08
932,585,933,0,2023-01-11 06:10:09
933,586,935,0,2023-01-11 06:10:44
934,587,936,0,2023-01-11 06:20:14
935,588,937,0,2023-01-11 06:20:33
936,588,938,0,2023-01-11 06:20:33
937,588,939,0,2023-01-11 06:20:34
938,589,940,0,2023-01-11 06:42:59
939,590,941,0,2023-01-11 07:18:23
940,591,942,0,2023-01-11 07:47:21
941,592,943,0,2023-01-12 04:36:28
942,593,944,0,2023-01-12 04:39:06
952,596,954,0,2023-01-12 05:33:17
953,596,955,0,2023-01-12 05:33:17
954,596,956,0,2023-01-12 05:33:17
955,596,957,0,2023-01-12 05:33:18
956,597,959,0,2023-01-12 05:35:08
957,597,958,0,2023-01-12 05:35:08
958,597,960,0,2023-01-12 05:35:09
963,599,966,0,2023-01-12 05:36:23
964,599,965,0,2023-01-12 05:36:24
965,600,967,0,2023-01-12 05:42:25
966,600,970,0,2023-01-12 05:42:26
967,600,968,0,2023-01-12 05:42:26
968,600,969,0,2023-01-12 05:42:26
969,601,975,0,2023-01-12 05:44:32
970,601,971,0,2023-01-12 05:44:32
971,601,973,0,2023-01-12 05:44:33
972,601,972,0,2023-01-12 05:44:33
973,601,974,0,2023-01-12 05:44:34
974,602,976,0,2023-01-12 05:51:49
975,603,977,0,2023-01-12 07:29:50
976,604,978,0,2023-01-13 04:37:25
977,604,981,0,2023-01-13 04:37:25
978,604,980,0,2023-01-13 04:37:25
979,604,979,0,2023-01-13 04:37:25
980,605,982,0,2023-01-13 04:41:32
981,606,984,0,2023-01-13 06:27:18
982,606,983,0,2023-01-13 06:27:18
983,607,985,0,2023-01-13 06:31:36
984,607,987,0,2023-01-13 06:31:36
985,607,986,0,2023-01-13 06:31:36
986,608,988,0,2023-01-13 07:18:13
987,608,989,0,2023-01-13 07:18:13
988,609,990,0,2023-01-13 07:19:50
989,609,991,0,2023-01-13 07:19:50
990,609,992,0,2023-01-13 07:19:50
991,609,993,0,2023-01-13 07:19:50
992,609,994,0,2023-01-13 07:19:50
993,610,995,0,2023-01-13 07:25:34
994,611,997,0,2023-01-13 08:59:30
995,611,996,0,2023-01-13 08:59:30
996,612,998,0,2023-01-13 09:29:03
997,612,999,0,2023-01-13 09:29:03
998,613,1000,0,2023-01-13 09:39:17
999,614,1001,0,2023-01-13 09:58:13
1000,615,1002,0,2023-01-16 02:42:28
1001,616,1003,0,2023-01-16 04:25:02
1002,616,1004,0,2023-01-16 04:25:02
1003,616,1005,0,2023-01-16 04:25:02
1004,616,1006,0,2023-01-16 04:25:02
1005,616,1007,0,2023-01-16 04:25:02
1006,617,1008,0,2023-01-16 06:33:18
1025,621,1027,0,2023-01-16 08:03:41
1026,621,1029,0,2023-01-16 08:03:41
1027,621,1030,0,2023-01-16 08:03:41
1028,621,1034,0,2023-01-16 08:03:41
1029,621,1028,0,2023-01-16 08:03:41
1030,621,1032,0,2023-01-16 08:03:41
1031,621,1031,0,2023-01-16 08:03:41
1032,621,1033,0,2023-01-16 08:03:41
1045,628,1047,0,2023-01-16 09:01:46
1046,628,1048,0,2023-01-16 09:01:46
1047,629,1049,0,2023-01-16 10:26:07
1048,630,1050,0,2023-01-17 05:16:18
1049,630,1051,0,2023-01-17 05:16:18
1050,631,1052,0,2023-01-17 05:42:19
1051,631,1053,0,2023-01-17 05:42:20
1052,632,1054,0,2023-01-17 07:15:44
1053,633,1055,0,2023-01-17 07:39:16
1054,633,1056,0,2023-01-17 07:39:19
1055,636,1057,0,2023-01-17 08:38:46
1056,637,1058,0,2023-01-17 08:40:30
1057,638,1059,0,2023-01-17 08:42:02
1058,639,1060,0,2023-01-17 10:56:18
1059,640,1061,0,2023-01-17 11:35:10
1060,641,1062,0,2023-01-17 11:37:26
1061,641,1063,0,2023-01-17 11:37:26
1062,641,1064,0,2023-01-17 11:37:26
1063,642,1065,0,2023-01-17 11:39:42
1064,642,1066,0,2023-01-17 11:39:42
1065,642,1067,0,2023-01-17 11:39:42
1066,643,1068,0,2023-01-17 11:43:11
1067,643,1069,0,2023-01-17 11:43:11
1068,643,1070,0,2023-01-17 11:43:11
1069,644,1071,0,2023-01-17 11:58:35
1070,644,1072,0,2023-01-17 11:58:35
1071,644,1073,0,2023-01-17 11:58:35
1072,644,1074,0,2023-01-17 11:58:35
1073,645,1075,0,2023-01-17 12:11:14
1074,645,1076,0,2023-01-17 12:11:14
1075,645,1077,0,2023-01-17 12:11:14
1076,645,1079,0,2023-01-17 12:11:14
1077,645,1078,0,2023-01-17 12:11:14
1078,646,1081,0,2023-01-17 12:12:58
1079,646,1080,0,2023-01-17 12:12:58
1080,647,1082,0,2023-01-18 00:20:10
1081,647,1083,0,2023-01-18 00:20:10
1082,647,1084,0,2023-01-18 00:20:10
1083,647,1085,0,2023-01-18 00:20:10
1084,648,1086,0,2023-01-18 00:29:59
1085,648,1087,0,2023-01-18 00:29:59
1086,648,1088,0,2023-01-18 00:29:59
1087,649,1089,0,2023-01-18 00:30:27
1088,649,1090,0,2023-01-18 00:30:27
1089,649,1091,0,2023-01-18 00:30:27
1090,650,1093,0,2023-01-18 00:42:09
1091,650,1092,0,2023-01-18 00:42:09
1092,650,1095,0,2023-01-18 00:42:09
1093,650,1094,0,2023-01-18 00:42:09
1094,651,1096,0,2023-01-18 01:20:59
1095,652,1097,0,2023-01-18 01:24:38
1096,652,1098,0,2023-01-18 01:24:38
1097,652,1099,0,2023-01-18 01:24:38
1098,653,1101,0,2023-01-18 02:06:20
1099,653,1100,0,2023-01-18 02:06:32
1100,656,1102,0,2023-01-18 02:11:08
1101,656,1103,0,2023-01-18 02:11:08
1102,656,1104,0,2023-01-18 02:11:08
1103,656,1105,0,2023-01-18 02:11:08
1104,657,1106,0,2023-01-18 06:42:53
1105,657,1107,0,2023-01-18 06:42:53
1106,657,1108,0,2023-01-18 06:42:53
1107,657,1109,0,2023-01-18 06:42:53
1108,658,1110,0,2023-01-18 07:13:05
1109,658,1112,0,2023-01-18 07:13:05
1110,658,1111,0,2023-01-18 07:13:05
1111,659,1115,0,2023-01-18 07:19:07
1112,659,1114,0,2023-01-18 07:19:07
1113,659,1113,0,2023-01-18 07:19:07
1114,659,1116,0,2023-01-18 07:19:07
1115,659,1120,0,2023-01-18 07:19:07
1116,659,1117,0,2023-01-18 07:19:07
1117,659,1121,0,2023-01-18 07:19:07
1118,659,1118,0,2023-01-18 07:19:07
1119,659,1119,0,2023-01-18 07:19:07
1120,660,1122,0,2023-01-18 07:23:08
1121,661,1123,0,2023-01-18 07:24:37
1122,661,1124,0,2023-01-18 07:24:37
1123,661,1125,0,2023-01-18 07:24:37
1124,662,1126,0,2023-01-18 07:29:41
1125,662,1127,0,2023-01-18 07:29:41
1126,662,1129,0,2023-01-18 07:29:41
1127,662,1128,0,2023-01-18 07:29:41
1128,663,1131,0,2023-01-18 07:32:11
1129,663,1130,0,2023-01-18 07:32:11
1130,663,1133,0,2023-01-18 07:32:11
1131,663,1132,0,2023-01-18 07:32:11
1132,664,1134,0,2023-01-18 07:33:47
1133,664,1136,0,2023-01-18 07:33:47
1134,664,1135,0,2023-01-18 07:33:47
1135,664,1138,0,2023-01-18 07:33:47
1136,664,1137,0,2023-01-18 07:33:47
1137,665,1139,0,2023-01-19 01:45:14
1138,665,1141,0,2023-01-19 01:45:14
1139,665,1140,0,2023-01-19 01:45:14
1140,666,1143,0,2023-01-19 01:50:22
1141,666,1142,0,2023-01-19 01:50:22
1142,666,1144,0,2023-01-19 01:50:22
1143,666,1149,0,2023-01-19 01:50:22
1144,666,1147,0,2023-01-19 01:50:22
1145,666,1148,0,2023-01-19 01:50:22
1146,666,1145,0,2023-01-19 01:50:22
1147,666,1146,0,2023-01-19 01:50:22
1148,667,1150,0,2023-01-19 01:54:10
1149,668,1151,0,2023-01-19 01:55:37
1150,668,1152,0,2023-01-19 01:55:37
1151,668,1153,0,2023-01-19 01:55:37
1152,668,1154,0,2023-01-19 01:55:37
1153,669,1155,0,2023-01-19 01:56:50
1154,669,1157,0,2023-01-19 01:56:50
1155,669,1156,0,2023-01-19 01:56:51
1156,669,1158,0,2023-01-19 01:56:51
1157,670,1159,0,2023-01-19 01:57:40
1158,670,1160,0,2023-01-19 01:57:40
1159,671,1161,0,2023-01-19 01:58:12
1160,672,1162,0,2023-01-19 01:59:03
1161,672,1163,0,2023-01-19 01:59:03
1162,672,1164,0,2023-01-19 01:59:03
1163,673,1165,0,2023-01-19 02:05:34
1164,673,1166,0,2023-01-19 02:05:34
1165,673,1167,0,2023-01-19 02:05:34
1166,673,1168,0,2023-01-19 02:05:34
1167,674,1170,0,2023-01-19 02:06:47
1168,674,1169,0,2023-01-19 02:06:47
1169,674,1171,0,2023-01-19 02:06:47
1170,675,1172,0,2023-01-19 02:07:59
1171,675,1173,0,2023-01-19 02:07:59
1172,675,1174,0,2023-01-19 02:07:59
1173,676,1175,0,2023-01-19 02:09:33
1174,677,1176,0,2023-01-19 02:38:40
1175,677,1177,0,2023-01-19 02:38:40
1176,677,1178,0,2023-01-19 02:38:40
1177,678,1179,0,2023-01-19 02:41:59
1178,678,1180,0,2023-01-19 02:41:59
1179,679,1181,0,2023-01-19 02:45:38
1180,679,1182,0,2023-01-19 02:45:38
1181,679,1184,0,2023-01-19 02:45:38
1182,679,1183,0,2023-01-19 02:45:38
1183,680,1185,0,2023-01-19 02:47:24
1184,680,1186,0,2023-01-19 02:47:24
1185,680,1190,0,2023-01-19 02:47:24
1186,680,1187,0,2023-01-19 02:47:24
1187,680,1188,0,2023-01-19 02:47:24
1188,680,1189,0,2023-01-19 02:47:24
1189,681,1191,0,2023-01-19 04:32:21
1190,682,1192,0,2023-01-19 04:33:37
1191,682,1193,0,2023-01-19 04:33:37
1192,682,1194,0,2023-01-19 04:33:37
1193,682,1195,0,2023-01-19 04:33:37
1194,682,1196,0,2023-01-19 04:33:37
1195,683,1197,0,2023-01-19 04:38:29
1196,683,1198,0,2023-01-19 04:38:29
1197,683,1199,0,2023-01-19 04:38:29
1198,683,1200,0,2023-01-19 04:38:29
1199,684,1201,0,2023-01-19 04:39:47
1200,684,1202,0,2023-01-19 04:39:47
1201,685,1203,0,2023-01-19 04:42:18
1202,685,1204,0,2023-01-19 04:42:18
1203,685,1205,0,2023-01-19 04:42:19
1204,685,1206,0,2023-01-19 04:42:19
1205,685,1207,0,2023-01-19 04:42:19
1206,686,1208,0,2023-01-19 04:45:33
1207,686,1209,0,2023-01-19 04:45:33
1208,687,1210,0,2023-01-19 04:47:51
1209,687,1211,0,2023-01-19 04:47:51
1210,687,1212,0,2023-01-19 04:47:51
1211,687,1213,0,2023-01-19 04:47:51
1212,688,1214,0,2023-01-19 05:04:47
1213,688,1215,0,2023-01-19 05:04:47
1214,689,1216,0,2023-01-19 05:07:24
1215,689,1217,0,2023-01-19 05:07:24
1216,689,1218,0,2023-01-19 05:07:24
1217,689,1220,0,2023-01-19 05:07:24
1218,689,1219,0,2023-01-19 05:07:24
1219,690,1221,0,2023-01-19 05:10:50
1220,691,1222,0,2023-01-19 05:15:39
1221,691,1223,0,2023-01-19 05:15:39
1222,691,1224,0,2023-01-19 05:15:39
1223,692,1225,0,2023-01-19 05:18:46
1224,692,1227,0,2023-01-19 05:18:46
1225,692,1226,0,2023-01-19 05:18:46
1226,693,1229,0,2023-01-19 05:23:17
1227,693,1228,0,2023-01-19 05:23:17
1228,694,1230,0,2023-01-19 05:24:40
1229,694,1231,0,2023-01-19 05:24:40
1230,694,1232,0,2023-01-19 05:24:40
1231,694,1234,0,2023-01-19 05:24:40
1232,694,1233,0,2023-01-19 05:24:40
1233,695,1235,0,2023-01-19 05:40:52
1234,696,1236,0,2023-01-19 05:42:39
1235,697,1237,0,2023-01-19 08:03:07
1236,700,1238,0,2023-01-19 08:09:59
1237,701,1239,0,2023-01-19 08:29:17
1238,703,1240,0,2023-01-19 08:31:07
1239,704,1241,0,2023-01-19 08:34:20
1240,706,1242,0,2023-01-19 09:30:54
1241,707,1243,0,2023-01-19 09:36:10
1242,708,1244,0,2023-01-19 10:18:53
1243,709,1245,0,2023-01-19 10:19:07
1244,711,1246,0,2023-01-19 10:21:24
1245,712,1247,0,2023-01-19 10:31:39
1246,713,1248,0,2023-01-19 10:32:12
1247,714,1249,0,2023-01-19 10:33:31
1248,715,1250,0,2023-01-19 10:34:50
1249,716,1251,0,2023-01-19 10:36:21
1250,718,1252,0,2023-01-19 10:36:56
1251,719,1253,0,2023-01-19 10:38:19
1252,720,1254,0,2023-01-19 10:40:43
1253,724,1256,0,2023-01-20 06:15:52
1254,724,1255,0,2023-01-20 06:15:52
1255,725,1257,0,2023-01-20 06:30:20
1256,725,1258,0,2023-01-20 06:30:22
1257,727,1259,0,2023-01-25 05:53:12
1258,728,1260,0,2023-01-25 06:23:17
1259,730,1262,0,2023-01-25 06:24:12
1260,729,1261,0,2023-01-25 06:24:31
1261,732,1263,0,2023-01-25 06:25:18
1262,733,1264,0,2023-01-25 08:40:53
1263,733,1265,0,2023-01-25 08:40:53
1264,734,1267,0,2023-01-25 09:51:46
1265,734,1266,0,2023-01-25 09:51:47
1266,735,1268,0,2023-01-26 02:03:52
1267,737,1269,0,2023-01-26 02:22:34
1268,738,1270,0,2023-01-26 02:28:41
1269,740,1271,0,2023-01-26 07:42:10
1270,740,1272,0,2023-01-26 07:42:10
1271,740,1273,0,2023-01-26 07:42:10
1272,741,1274,0,2023-01-26 07:44:43
1273,742,1275,0,2023-01-26 07:48:04
1274,743,1276,0,2023-01-30 04:52:16
1275,743,1279,0,2023-01-30 04:52:17
1276,743,1277,0,2023-01-30 04:52:24
1277,743,1278,0,2023-01-30 04:52:25
1278,744,1280,0,2023-02-01 11:01:22
1279,744,1281,0,2023-02-01 11:01:22
1280,744,1282,0,2023-02-01 11:01:22
1281,745,1283,0,2023-02-01 11:35:19
1282,745,1284,0,2023-02-01 11:35:19
1283,748,1287,0,2023-02-02 13:34:17
1284,749,1288,0,2023-02-02 13:40:04
1285,750,1289,0,2023-02-02 13:47:30
1286,751,1290,0,2023-02-02 13:48:29
1287,752,1291,0,2023-02-02 13:58:42
1288,753,1292,0,2023-02-02 14:07:14
1289,754,1293,0,2023-02-02 14:11:55
1290,755,1294,0,2023-02-02 14:16:02
1291,756,1297,0,2023-02-03 04:35:46
1292,756,1295,0,2023-02-03 04:35:48
1293,756,1298,0,2023-02-03 04:35:48
1294,756,1296,0,2023-02-03 04:35:48
1295,757,1299,0,2023-02-06 15:50:42
1296,758,1300,0,2023-02-08 01:57:25
1297,759,1302,0,2023-02-08 01:59:14
1298,759,1301,0,2023-02-08 01:59:16
1299,760,1304,0,2023-02-08 02:00:17
1300,760,1303,0,2023-02-08 02:00:19
1301,761,1306,0,2023-02-08 02:02:14
1302,761,1307,0,2023-02-08 02:02:14
1303,761,1309,0,2023-02-08 02:02:14
1304,761,1308,0,2023-02-08 02:02:15
1305,761,1305,0,2023-02-08 02:02:16
1306,763,1313,0,2023-02-08 02:41:16
1307,763,1315,0,2023-02-08 02:41:16
1308,763,1314,0,2023-02-08 02:41:16
1309,764,1316,0,2023-02-08 05:30:40
1310,768,1317,0,2023-02-08 06:29:59
1311,769,1318,0,2023-02-08 06:33:26
1312,771,1319,0,2023-02-08 07:33:00
1313,771,1321,0,2023-02-08 07:33:03
1314,771,1320,0,2023-02-08 07:33:05
1315,772,1323,0,2023-02-08 07:34:14
1316,772,1322,0,2023-02-08 07:34:21
1317,773,1324,0,2023-02-08 07:36:10
1318,774,1325,0,2023-02-08 07:41:18
1319,775,1327,0,2023-02-09 04:27:00
1320,775,1326,0,2023-02-09 04:27:01
1321,776,1328,0,2023-02-09 04:40:13
1322,777,1329,0,2023-02-09 04:41:11
1323,778,1331,0,2023-02-09 06:46:40
1324,778,1332,0,2023-02-09 06:46:41
1325,778,1330,0,2023-02-09 06:46:41
1326,779,1333,0,2023-02-10 01:59:53
1327,779,1334,0,2023-02-10 01:59:53
1331,781,1338,0,2023-02-13 01:43:52
1332,782,1339,0,2023-02-13 02:05:38
1334,784,1344,0,2023-02-13 09:35:53
1335,784,1341,0,2023-02-13 09:35:53
1336,784,1343,0,2023-02-13 09:35:53
1337,784,1342,0,2023-02-13 09:35:54
1338,785,1345,0,2023-02-15 12:50:53
1351,790,1359,0,2023-02-21 05:08:01
1352,790,1358,0,2023-02-21 05:08:01
1353,791,1360,0,2023-02-21 12:27:50
1354,792,1361,0,2023-02-22 02:41:06
1355,793,1362,0,2023-02-22 07:39:05
1356,794,1363,0,2023-02-22 07:52:20
1357,795,1365,0,2023-02-22 08:00:54
1358,795,1364,0,2023-02-22 08:00:54
1359,795,1366,0,2023-02-22 08:00:55
1360,796,1367,0,2023-02-22 08:05:29
1361,797,1368,0,2023-02-22 08:07:12
1362,798,1369,0,2023-02-22 08:09:22
1364,800,1371,0,2023-02-22 08:35:23
1366,802,1373,0,2023-02-22 08:47:40
1368,804,1376,0,2023-02-22 08:49:12
1369,804,1375,0,2023-02-22 08:49:12
1371,806,1378,0,2023-02-22 08:51:31
1372,807,1380,0,2023-02-22 08:54:26
1373,807,1379,0,2023-02-22 08:54:26
1374,808,1381,0,2023-02-23 06:03:20
1375,809,1382,0,2023-02-23 06:37:47
1376,810,1383,0,2023-02-23 06:51:28
1377,811,1384,0,2023-02-24 07:26:54
1378,812,1385,0,2023-02-24 07:28:13
1379,813,1386,0,2023-02-24 07:56:41
1380,814,1387,0,2023-02-24 08:00:41
1381,815,1388,0,2023-02-24 08:52:07
1382,816,1390,0,2023-02-24 09:00:40
1383,816,1389,0,2023-02-24 09:00:40
1384,817,1391,0,2023-02-24 09:02:00
1385,817,1392,0,2023-02-24 09:02:00
1386,818,1393,0,2023-02-24 09:09:50
1387,818,1394,0,2023-02-24 09:09:50
1388,819,1395,0,2023-02-24 10:57:01
1389,819,1396,0,2023-02-24 10:57:01
1390,820,1397,0,2023-02-24 11:14:41
1391,820,1398,0,2023-02-24 11:14:41
1392,821,1399,0,2023-02-27 02:35:34
1405,826,1412,0,2023-02-27 05:13:18
1406,826,1413,0,2023-02-27 05:13:19
1407,827,1414,0,2023-02-27 05:17:05
1408,828,1415,0,2023-02-27 06:48:20
1409,829,1416,0,2023-02-27 08:12:47
1410,829,1417,0,2023-02-27 08:12:47
1411,830,1419,0,2023-02-27 08:30:35
1412,830,1418,0,2023-02-27 08:30:36
1413,831,1420,0,2023-02-27 08:43:38
1414,832,1422,0,2023-02-27 08:44:13
1415,832,1421,0,2023-02-27 08:44:14
1416,833,1423,0,2023-02-27 09:00:21
1417,834,1424,0,2023-02-27 10:48:10
1418,835,1425,0,2023-02-27 10:53:46
1419,836,1426,0,2023-02-27 10:54:55
1420,837,1427,0,2023-02-27 11:10:14
1421,838,1428,0,2023-02-27 11:25:01
1428,841,1436,0,2023-02-28 05:12:48
1429,841,1435,0,2023-02-28 05:12:48
1430,842,1437,0,2023-02-28 05:16:32
1431,842,1439,0,2023-02-28 05:16:32
1432,842,1438,0,2023-02-28 05:16:32
1433,843,1441,0,2023-02-28 09:19:08
1434,843,1440,0,2023-02-28 09:19:08
1435,844,1442,0,2023-03-02 02:31:17
1436,845,1443,0,2023-03-06 11:15:44
1437,846,1444,0,2023-03-06 11:20:30
1438,846,1445,0,2023-03-06 11:20:30
1439,847,1446,0,2023-03-06 11:35:33
1440,848,1447,0,2023-03-07 05:40:59
1441,849,1448,0,2023-03-07 05:43:54
1442,850,1449,0,2023-03-07 05:46:04
1452,852,1459,0,2023-03-07 06:05:37
1461,854,1468,0,2023-03-07 06:11:50
1462,855,1475,0,2023-03-07 06:15:34
1463,855,1473,0,2023-03-07 06:15:34
1464,855,1471,0,2023-03-07 06:15:34
1465,855,1476,0,2023-03-07 06:15:34
1466,855,1472,0,2023-03-07 06:15:34
1467,855,1474,0,2023-03-07 06:15:34
1468,855,1469,0,2023-03-07 06:15:34
1469,855,1470,0,2023-03-07 06:15:34
1470,856,1478,0,2023-03-07 06:19:26
1471,856,1481,0,2023-03-07 06:19:27
1472,856,1480,0,2023-03-07 06:19:27
1473,856,1479,0,2023-03-07 06:19:27
1474,856,1477,0,2023-03-07 06:19:27
1475,857,1482,0,2023-03-07 06:21:40
1476,857,1483,0,2023-03-07 06:21:40
1477,858,1486,0,2023-03-07 06:24:18
1478,858,1487,0,2023-03-07 06:24:18
1479,858,1489,0,2023-03-07 06:24:18
1480,858,1488,0,2023-03-07 06:24:19
1481,858,1484,0,2023-03-07 06:24:19
1482,858,1485,0,2023-03-07 06:24:20
1483,859,1490,0,2023-03-07 06:27:56
1484,859,1491,0,2023-03-07 06:27:56
1485,859,1492,0,2023-03-07 06:27:57
1486,860,1493,0,2023-03-07 06:39:51
1487,860,1499,0,2023-03-07 06:39:51
1488,860,1497,0,2023-03-07 06:39:51
1489,860,1494,0,2023-03-07 06:39:51
1490,860,1498,0,2023-03-07 06:39:51
1491,860,1496,0,2023-03-07 06:39:51
1492,860,1495,0,2023-03-07 06:39:51
1501,862,1508,0,2023-03-07 06:44:54
1502,863,1515,0,2023-03-07 06:46:15
1503,863,1513,0,2023-03-07 06:46:15
1504,863,1511,0,2023-03-07 06:46:15
1505,863,1510,0,2023-03-07 06:46:15
1506,863,1509,0,2023-03-07 06:46:15
1507,863,1512,0,2023-03-07 06:46:15
1508,863,1514,0,2023-03-07 06:46:15
1509,864,1516,0,2023-03-07 07:04:01
1510,865,1517,0,2023-03-07 07:07:40
1511,866,1518,0,2023-03-07 07:12:27
1512,866,1519,0,2023-03-07 07:12:27
1513,866,1520,0,2023-03-07 07:12:27
1514,867,1521,0,2023-03-07 07:19:42
1515,867,1522,0,2023-03-07 07:19:42
1518,869,1526,0,2023-03-07 07:22:26
1519,869,1525,0,2023-03-07 07:22:27
1520,869,1527,0,2023-03-07 07:22:27
1521,869,1528,0,2023-03-07 07:22:27
1522,870,1529,0,2023-03-07 07:28:06
1523,871,1532,0,2023-03-07 07:32:37
1524,871,1530,0,2023-03-07 07:32:38
1525,871,1533,0,2023-03-07 07:32:38
1526,871,1531,0,2023-03-07 07:32:38
1527,872,1534,0,2023-03-07 07:38:48
1528,872,1536,0,2023-03-07 07:38:49
1529,872,1537,0,2023-03-07 07:38:49
1530,872,1535,0,2023-03-07 07:38:49
1534,874,1544,0,2023-03-07 07:46:39
1535,874,1541,0,2023-03-07 07:46:39
1536,874,1543,0,2023-03-07 07:46:39
1537,874,1542,0,2023-03-07 07:46:39
1547,878,1554,0,2023-03-07 07:59:13
1548,878,1555,0,2023-03-07 07:59:13
1549,878,1556,0,2023-03-07 07:59:13
1550,879,1557,0,2023-03-07 08:04:43
1551,880,1558,0,2023-03-07 12:17:14
1552,881,1559,0,2023-03-07 12:18:52
1553,882,1560,0,2023-03-07 12:19:57
1554,883,1561,0,2023-03-07 12:27:57
1555,884,1562,0,2023-03-07 12:28:41
1556,885,1563,0,2023-03-07 12:32:10
1557,886,1564,0,2023-03-07 12:34:24
1558,887,1565,0,2023-03-07 12:38:45
1559,888,1566,0,2023-03-07 12:39:12
1560,888,1568,0,2023-03-07 12:39:12
1561,888,1567,0,2023-03-07 12:39:12
1562,888,1569,0,2023-03-07 12:39:12
1563,889,1570,0,2023-03-07 12:43:03
1564,890,1571,0,2023-03-07 12:43:29
1565,891,1572,0,2023-03-07 12:44:45
1566,892,1573,0,2023-03-07 12:45:01
1567,893,1574,0,2023-03-07 12:47:15
1568,894,1575,0,2023-03-07 12:47:32
1569,895,1576,0,2023-03-07 12:52:14
1570,896,1577,0,2023-03-07 12:52:30
1571,897,1578,0,2023-03-07 12:53:28
1572,898,1579,0,2023-03-07 12:57:33
1573,899,1580,0,2023-03-07 12:57:49
1574,900,1581,0,2023-03-07 12:58:19
1575,901,1582,0,2023-03-07 13:02:45
1576,902,1583,0,2023-03-07 13:03:33
1577,903,1584,0,2023-03-07 13:03:52
1578,904,1585,0,2023-03-07 13:04:07
1579,905,1586,0,2023-03-07 13:08:35
1580,906,1587,0,2023-03-07 13:11:30
1581,907,1588,0,2023-03-07 13:15:45
1582,908,1589,0,2023-03-08 04:52:15
1583,909,1590,0,2023-03-08 14:51:19
1584,910,1591,0,2023-03-08 15:03:03
1585,910,1592,0,2023-03-08 15:03:03
1586,910,1593,0,2023-03-08 15:03:03
1587,911,1594,0,2023-03-08 15:44:31
1588,912,1595,0,2023-03-08 15:48:04
1589,913,1596,0,2023-03-08 15:56:41
1590,914,1597,0,2023-03-08 16:07:30
1591,915,1599,0,2023-03-09 05:12:15
1592,915,1598,0,2023-03-09 05:12:15
1593,915,1600,0,2023-03-09 05:12:16
1594,916,1601,0,2023-03-09 05:33:05
1595,916,1602,0,2023-03-09 05:33:05
1596,917,1603,0,2023-03-09 06:32:35
1597,918,1604,0,2023-03-09 06:36:35
1598,918,1605,0,2023-03-09 06:36:35
1599,919,1607,0,2023-03-09 06:40:55
1600,919,1606,0,2023-03-09 06:40:55
1601,920,1608,0,2023-03-09 08:59:05
1602,921,1609,0,2023-03-10 05:35:46
1603,922,1610,0,2023-03-10 07:36:30
1604,923,1611,0,2023-03-13 08:49:36
1605,924,1612,0,2023-03-13 10:03:59
1606,925,1613,0,2023-03-14 02:22:14
1607,925,1615,0,2023-03-14 02:22:15
1608,925,1616,0,2023-03-14 02:22:15
1609,925,1614,0,2023-03-14 02:22:16
1610,926,1617,0,2023-03-14 02:45:24
1611,926,1619,0,2023-03-14 02:45:24
1612,926,1618,0,2023-03-14 02:45:24
1613,927,1620,0,2023-03-14 03:00:29
1614,927,1622,0,2023-03-14 03:00:29
1615,927,1623,0,2023-03-14 03:00:29
1616,927,1621,0,2023-03-14 03:00:29
1617,928,1624,0,2023-03-14 04:23:20
1618,928,1626,0,2023-03-14 04:23:21
1619,928,1625,0,2023-03-14 04:23:21
1620,929,1627,0,2023-03-14 04:26:06
1621,930,1629,0,2023-03-14 05:06:10
1622,930,1630,0,2023-03-14 05:06:10
1623,930,1628,0,2023-03-14 05:06:11
1624,931,1631,0,2023-03-14 05:17:46
1625,931,1633,0,2023-03-14 05:17:46
1626,931,1632,0,2023-03-14 05:17:47
1627,932,1634,0,2023-03-14 05:23:07
1628,932,1635,0,2023-03-14 05:23:08
1629,933,1636,0,2023-03-14 05:35:40
1630,933,1637,0,2023-03-14 05:35:42
1631,934,1638,0,2023-03-14 05:40:27
1632,934,1640,0,2023-03-14 05:40:27
1633,934,1639,0,2023-03-14 05:40:27
1634,935,1642,0,2023-03-14 05:52:15
1635,935,1641,0,2023-03-14 05:52:15
1636,936,1643,0,2023-03-14 06:04:14
1637,937,1645,0,2023-03-14 06:17:14
1638,937,1646,0,2023-03-14 06:17:15
1639,937,1644,0,2023-03-14 06:17:15
1640,938,1648,0,2023-03-14 06:19:54
1641,938,1647,0,2023-03-14 06:19:55
1642,939,1649,0,2023-03-15 05:05:04
1643,940,1650,0,2023-03-15 05:15:40
1644,941,1651,0,2023-03-16 01:39:11
1646,943,1653,0,2023-03-16 06:38:57
1647,944,1654,0,2023-03-16 07:48:08
1648,945,1656,0,2023-03-17 01:46:35
1649,945,1655,0,2023-03-17 01:46:36
1650,946,1658,0,2023-03-17 04:22:49
1651,946,1657,0,2023-03-17 04:22:49
1652,947,1659,0,2023-03-17 05:10:36
1653,948,1660,0,2023-03-17 05:14:16
1654,949,1661,0,2023-03-23 01:19:52
1655,950,1662,0,2023-03-23 02:21:55
1656,951,1663,0,2023-03-23 02:23:28
1657,952,1664,0,2023-03-23 05:58:43
1658,952,1665,0,2023-03-23 05:58:43
1659,952,1666,0,2023-03-23 05:58:43
1660,953,1667,0,2023-03-23 06:37:30
1661,953,1669,0,2023-03-23 06:37:30
1662,953,1668,0,2023-03-23 06:37:30
1663,954,1670,0,2023-03-23 06:44:18
1664,954,1671,0,2023-03-23 06:44:19
1665,954,1672,0,2023-03-23 06:44:19
1666,954,1673,0,2023-03-23 06:44:19
1667,955,1674,0,2023-03-23 06:51:40
1668,955,1675,0,2023-03-23 06:51:40
1669,955,1676,0,2023-03-23 06:51:40
1670,956,1678,0,2023-03-23 06:59:07
1671,956,1677,0,2023-03-23 06:59:07
1672,957,1679,0,2023-03-23 07:10:24
1673,957,1680,0,2023-03-23 07:10:25
1674,957,1681,0,2023-03-23 07:10:25
1675,958,1682,0,2023-03-23 07:33:41
1676,958,1683,0,2023-03-23 07:33:41
1677,958,1685,0,2023-03-23 07:33:41
1678,958,1684,0,2023-03-23 07:33:41
1679,958,1686,0,2023-03-23 07:33:41
1680,959,1687,0,2023-03-23 07:36:50
1681,959,1688,0,2023-03-23 07:36:50
1682,959,1689,0,2023-03-23 07:36:50
1683,960,1690,0,2023-03-23 07:42:19
1684,960,1692,0,2023-03-23 07:42:19
1685,960,1691,0,2023-03-23 07:42:19
1686,961,1693,0,2023-03-23 07:50:15
1687,961,1694,0,2023-03-23 07:50:15
1688,961,1695,0,2023-03-23 07:50:15
1689,961,1696,0,2023-03-23 07:50:15
1690,962,1697,0,2023-03-23 07:51:36
1691,962,1698,0,2023-03-23 07:51:36
1692,962,1699,0,2023-03-23 07:51:36
1693,963,1702,0,2023-03-27 12:37:35
1694,963,1700,0,2023-03-27 12:37:36
1695,963,1703,0,2023-03-27 12:37:36
1696,963,1701,0,2023-03-27 12:37:36
1697,964,1704,0,2023-03-27 13:48:23
1698,965,1706,0,2023-03-28 08:17:19
1699,965,1705,0,2023-03-28 08:17:19
1700,966,1707,0,2023-04-04 05:17:56
1701,966,1708,0,2023-04-04 05:17:56
1702,966,1709,0,2023-04-04 05:17:56
1703,967,1710,0,2023-04-06 05:25:45
1704,968,1711,0,2023-04-06 05:30:19
1705,968,1713,0,2023-04-06 05:30:19
1706,968,1712,0,2023-04-06 05:30:19
1707,968,1716,0,2023-04-06 05:30:20
1708,968,1715,0,2023-04-06 05:30:20
1709,968,1714,0,2023-04-06 05:30:20
1710,969,1717,0,2023-04-06 06:42:25
1711,970,1718,0,2023-04-07 09:37:19
1712,971,1719,0,2023-04-07 09:40:19
1713,972,1720,0,2023-04-10 04:56:28
1714,973,1721,0,2023-04-10 05:16:38
1715,974,1722,0,2023-04-10 05:18:58
1716,975,1723,0,2023-04-10 05:34:22
1717,976,1724,0,2023-04-10 05:59:19
1718,977,1726,0,2023-04-10 07:16:38
1719,977,1725,0,2023-04-10 07:16:39
1720,977,1729,0,2023-04-10 07:16:39
1721,977,1731,0,2023-04-10 07:16:39
1722,977,1732,0,2023-04-10 07:16:39
1723,977,1728,0,2023-04-10 07:16:39
1724,977,1730,0,2023-04-10 07:16:40
1725,977,1727,0,2023-04-10 07:16:40
1726,977,1733,0,2023-04-10 07:16:40
1727,978,1734,0,2023-04-11 02:41:36
1728,978,1739,0,2023-04-11 02:41:36
1729,978,1737,0,2023-04-11 02:41:36
1730,978,1736,0,2023-04-11 02:41:36
1731,978,1740,0,2023-04-11 02:41:36
1732,978,1735,0,2023-04-11 02:41:36
1733,978,1738,0,2023-04-11 02:41:36
1734,978,1741,0,2023-04-11 02:41:36
1735,979,1742,0,2023-04-11 04:17:28
1736,979,1743,0,2023-04-11 04:17:28
1737,979,1744,0,2023-04-11 04:17:28
1738,979,1745,0,2023-04-11 04:17:28
1739,979,1746,0,2023-04-11 04:17:29
1740,980,1747,0,2023-04-11 04:49:42
1741,980,1748,0,2023-04-11 04:49:42
1742,980,1749,0,2023-04-11 04:49:43
1743,981,1751,0,2023-04-11 05:00:42
1744,981,1750,0,2023-04-11 05:00:42
1745,981,1752,0,2023-04-11 05:00:42
1746,981,1753,0,2023-04-11 05:00:42
1747,982,1754,0,2023-04-11 05:33:35
1748,982,1755,0,2023-04-11 05:33:35
1749,982,1757,0,2023-04-11 05:33:36
1750,982,1756,0,2023-04-11 05:33:36
1755,984,1762,0,2023-04-11 06:20:36
1756,984,1763,0,2023-04-11 06:20:36
1757,985,1764,0,2023-04-11 06:28:16
1758,985,1765,0,2023-04-11 06:28:17
1759,985,1767,0,2023-04-11 06:28:18
1760,985,1766,0,2023-04-11 06:28:18
1761,986,1770,0,2023-04-11 06:40:55
1762,986,1768,0,2023-04-11 06:40:55
1763,986,1771,0,2023-04-11 06:40:55
1764,986,1769,0,2023-04-11 06:40:55
1765,987,1772,0,2023-04-11 06:41:13
1766,988,1774,0,2023-04-11 06:45:25
1767,988,1775,0,2023-04-11 06:45:25
1768,988,1773,0,2023-04-11 06:45:25
1769,988,1776,0,2023-04-11 06:45:26
1770,989,1779,0,2023-04-11 06:53:13
1771,989,1777,0,2023-04-11 06:53:13
1772,989,1780,0,2023-04-11 06:53:13
1773,989,1778,0,2023-04-11 06:53:14
1774,990,1781,0,2023-04-11 06:53:34
1775,990,1783,0,2023-04-11 06:53:35
1776,990,1782,0,2023-04-11 06:53:35
1777,991,1784,0,2023-04-11 07:03:09
1778,991,1785,0,2023-04-11 07:03:10
1779,992,1788,0,2023-04-11 07:08:30
1780,992,1790,0,2023-04-11 07:08:31
1781,992,1789,0,2023-04-11 07:08:31
1782,992,1786,0,2023-04-11 07:08:31
1783,992,1787,0,2023-04-11 07:08:32
1784,993,1791,0,2023-04-11 07:14:45
1785,993,1794,0,2023-04-11 07:14:45
1786,993,1793,0,2023-04-11 07:14:45
1787,993,1792,0,2023-04-11 07:14:45
1788,994,1795,0,2023-04-11 07:22:03
1789,994,1796,0,2023-04-11 07:22:03
1790,994,1797,0,2023-04-11 07:22:04
1791,995,1798,0,2023-04-11 07:26:58
1792,996,1799,0,2023-04-11 07:31:55
1793,996,1802,0,2023-04-11 07:31:55
1794,996,1800,0,2023-04-11 07:31:57
1795,996,1801,0,2023-04-11 07:31:57
1796,997,1803,0,2023-04-11 07:32:28
1797,998,1804,0,2023-04-11 07:33:17
1798,999,1806,0,2023-04-11 07:37:04
1799,999,1808,0,2023-04-11 07:37:04
1800,999,1805,0,2023-04-11 07:37:04
1801,999,1807,0,2023-04-11 07:37:05
1802,1000,1809,0,2023-04-11 07:40:23
1803,1000,1811,0,2023-04-11 07:40:23
1804,1000,1810,0,2023-04-11 07:40:23
1805,1001,1812,0,2023-04-11 07:43:35
1806,1001,1813,0,2023-04-11 07:43:35
1807,1002,1816,0,2023-04-11 07:44:41
1808,1002,1814,0,2023-04-11 07:44:41
1809,1002,1815,0,2023-04-11 07:44:41
1810,1003,1818,0,2023-04-11 07:48:58
1811,1003,1821,0,2023-04-11 07:48:58
1812,1003,1820,0,2023-04-11 07:48:58
1813,1003,1819,0,2023-04-11 07:48:58
1814,1003,1817,0,2023-04-11 07:48:58
1815,1003,1822,0,2023-04-11 07:48:59
1816,1004,1824,0,2023-04-11 07:54:41
1817,1004,1823,0,2023-04-11 07:54:41
1818,1004,1825,0,2023-04-11 07:54:41
1819,1005,1826,0,2023-04-11 08:03:43
1820,1005,1829,0,2023-04-11 08:03:43
1821,1005,1830,0,2023-04-11 08:03:43
1822,1005,1828,0,2023-04-11 08:03:44
1823,1005,1827,0,2023-04-11 08:03:44
1824,1006,1831,0,2023-04-11 08:27:13
1825,1006,1833,0,2023-04-11 08:27:13
1826,1006,1834,0,2023-04-11 08:27:14
1827,1006,1832,0,2023-04-11 08:27:14
1828,1007,1836,0,2023-04-11 09:19:39
1829,1007,1837,0,2023-04-11 09:19:39
1830,1007,1839,0,2023-04-11 09:19:39
1831,1007,1841,0,2023-04-11 09:19:40
1832,1007,1840,0,2023-04-11 09:19:40
1833,1007,1835,0,2023-04-11 09:19:40
1834,1007,1838,0,2023-04-11 09:19:40
1835,1008,1845,0,2023-04-11 09:44:26
1836,1008,1842,0,2023-04-11 09:44:27
1837,1008,1843,0,2023-04-11 09:44:27
1838,1008,1844,0,2023-04-11 09:44:27
1839,1009,1846,0,2023-04-11 09:47:30
1840,1010,1847,0,2023-04-11 09:49:52
1841,1011,1848,0,2023-04-11 09:57:02
1842,1011,1851,0,2023-04-11 09:57:03
1843,1011,1850,0,2023-04-11 09:57:03
1844,1011,1849,0,2023-04-11 09:57:03
1845,1012,1852,0,2023-04-11 10:01:06
1846,1012,1853,0,2023-04-11 10:01:07
1847,1013,1854,0,2023-04-11 10:05:21
1848,1013,1855,0,2023-04-11 10:05:22
1849,1014,1856,0,2023-04-11 10:05:39
1850,1014,1857,0,2023-04-11 10:05:39
1851,1015,1858,0,2023-04-11 10:12:54
1852,1015,1860,0,2023-04-11 10:12:54
1853,1015,1861,0,2023-04-11 10:12:55
1854,1015,1859,0,2023-04-11 10:12:55
1855,1016,1862,0,2023-04-11 10:34:46
1856,1016,1863,0,2023-04-11 10:34:47
1857,1016,1864,0,2023-04-11 10:34:47
1858,1017,1865,0,2023-04-11 10:36:12
1859,1017,1866,0,2023-04-11 10:36:12
1860,1017,1867,0,2023-04-11 10:36:12
1861,1018,1868,0,2023-04-11 10:45:03
1862,1018,1870,0,2023-04-11 10:45:03
1863,1018,1869,0,2023-04-11 10:45:03
1864,1019,1872,0,2023-04-12 01:51:46
1865,1019,1875,0,2023-04-12 01:51:46
1866,1019,1873,0,2023-04-12 01:51:46
1867,1019,1874,0,2023-04-12 01:51:46
1868,1019,1876,0,2023-04-12 01:51:46
1869,1019,1871,0,2023-04-12 01:51:47
1870,1020,1877,0,2023-04-12 04:35:15
1871,1020,1878,0,2023-04-12 04:35:15
1872,1021,1879,0,2023-04-17 06:23:56
1873,1021,1880,0,2023-04-17 06:23:56
1881,1023,1888,0,2023-04-17 06:43:24
1882,1023,1889,0,2023-04-17 06:43:24
1883,1024,1890,0,2023-04-17 06:46:24
1884,1024,1892,0,2023-04-17 06:46:24
1885,1024,1891,0,2023-04-17 06:46:24
1886,1024,1893,0,2023-04-17 06:46:25
1887,1025,1894,0,2023-04-17 07:02:11
1888,1025,1895,0,2023-04-17 07:02:11
1889,1026,1896,0,2023-04-17 08:04:07
1890,1026,1897,0,2023-04-17 08:04:07
1891,1027,1898,0,2023-04-17 10:43:55
1892,1027,1899,0,2023-04-17 10:43:55
1893,1028,1900,0,2023-04-17 10:45:50
1894,1029,1901,0,2023-04-18 02:26:09
1895,1030,1902,0,2023-04-18 02:28:04
1896,1031,1903,0,2023-04-18 02:30:57
1897,1032,1904,0,2023-04-18 03:04:29
1898,1032,1905,0,2023-04-18 03:04:30
1899,1032,1907,0,2023-04-18 03:04:30
1900,1032,1908,0,2023-04-18 03:04:30
1901,1032,1909,0,2023-04-18 03:04:30
1902,1032,1906,0,2023-04-18 03:04:31
1903,1033,1910,0,2023-04-21 07:59:37
1904,1033,1911,0,2023-04-21 07:59:38
1905,1034,1912,0,2023-04-24 06:55:28
1906,1034,1913,0,2023-04-24 06:55:28
1914,1036,1921,0,2023-05-03 04:56:02
1915,1036,1925,0,2023-05-03 04:56:02
1916,1036,1923,0,2023-05-03 04:56:02
1917,1036,1927,0,2023-05-03 04:56:02
1918,1036,1922,0,2023-05-03 04:56:02
1919,1036,1924,0,2023-05-03 04:56:02
1920,1036,1926,0,2023-05-03 04:56:03
1921,1037,1929,0,2023-05-04 08:30:18
1922,1037,1928,0,2023-05-04 08:30:19
1923,1038,1930,0,2023-05-04 08:38:24
1924,1038,1931,0,2023-05-04 08:38:24
1925,1038,1932,0,2023-05-04 08:38:24
1926,1039,1935,0,2023-05-04 08:44:27
1927,1039,1934,0,2023-05-04 08:44:28
1928,1039,1933,0,2023-05-04 08:44:28
1929,1040,1936,0,2023-05-09 07:54:04
1930,1040,1937,0,2023-05-09 07:54:05
1931,1041,1939,0,2023-05-10 06:49:00
1932,1041,1941,0,2023-05-10 06:49:00
1933,1041,1942,0,2023-05-10 06:49:00
1934,1041,1940,0,2023-05-10 06:49:00
1935,1041,1938,0,2023-05-10 06:49:01
1936,1041,1943,0,2023-05-10 06:49:01
1937,1042,1944,0,2023-05-10 07:10:38
1938,1042,1946,0,2023-05-10 07:10:38
1939,1042,1947,0,2023-05-10 07:10:39
1940,1042,1945,0,2023-05-10 07:10:39
1941,1042,1948,0,2023-05-10 07:10:39
1942,1043,1949,0,2023-05-10 07:29:57
1943,1043,1950,0,2023-05-10 07:29:58
1944,1043,1951,0,2023-05-10 07:29:58
1945,1043,1952,0,2023-05-10 07:29:58
1946,1044,1953,0,2023-05-10 07:37:13
1947,1044,1954,0,2023-05-10 07:37:13
1948,1044,1955,0,2023-05-10 07:37:14
1949,1045,1957,0,2023-05-10 07:46:19
1950,1045,1956,0,2023-05-10 07:46:19
1951,1046,1960,0,2023-05-10 08:02:05
1952,1046,1958,0,2023-05-10 08:02:06
1953,1046,1959,0,2023-05-10 08:02:06
1954,1047,1961,0,2023-05-10 08:14:03
1955,1047,1962,0,2023-05-10 08:14:03
1956,1048,1963,0,2023-05-10 08:18:26
1957,1049,1964,0,2023-05-10 09:11:30
1958,1049,1965,0,2023-05-10 09:11:30
1959,1050,1966,0,2023-05-10 09:14:43
1960,1050,1968,0,2023-05-10 09:14:44
1961,1050,1967,0,2023-05-10 09:14:44
1962,1051,1969,0,2023-05-12 02:26:05
1963,1052,1970,0,2023-05-12 05:17:47
1964,1053,1971,0,2023-05-12 07:36:18
1965,1053,1972,0,2023-05-12 07:36:18
1966,1053,1973,0,2023-05-12 07:36:19
1967,1054,1975,0,2023-05-12 07:41:16
1968,1054,1977,0,2023-05-12 07:41:16
1969,1054,1978,0,2023-05-12 07:41:16
1970,1054,1976,0,2023-05-12 07:41:16
1971,1054,1979,0,2023-05-12 07:41:17
1972,1054,1974,0,2023-05-12 07:41:17
1973,1055,1980,0,2023-05-22 06:06:50
1974,1055,1981,0,2023-05-22 06:06:50
1975,1056,1982,0,2023-05-22 06:10:08
1976,1056,1984,0,2023-05-22 06:10:09
1977,1056,1983,0,2023-05-22 06:10:09
1978,1056,1985,0,2023-05-22 06:10:10
1979,1057,1988,0,2023-05-22 07:20:02
1980,1057,1986,0,2023-05-22 07:20:02
1981,1057,1987,0,2023-05-22 07:20:02
1982,1058,1990,0,2023-05-22 07:54:13
1983,1058,1991,0,2023-05-22 07:54:13
1984,1058,1989,0,2023-05-22 07:54:13
1985,1059,1992,0,2023-05-22 08:07:00
1986,1059,1993,0,2023-05-22 08:07:00
1987,1060,1994,0,2023-05-22 08:48:06
1988,1060,1995,0,2023-05-22 08:48:06
1989,1061,1996,0,2023-05-22 08:50:25
1990,1061,1997,0,2023-05-22 08:50:26
1991,1062,1998,0,2023-05-24 06:51:26
1992,1062,1999,0,2023-05-24 06:51:27
1993,1063,2001,0,2023-05-24 06:56:24
1994,1063,2000,0,2023-05-24 06:56:25
1995,1064,2002,0,2023-05-24 07:59:34
1996,1064,2003,0,2023-05-24 07:59:34
1997,1065,2004,0,2023-05-24 08:07:08
1998,1065,2005,0,2023-05-24 08:07:08
1999,1065,2006,0,2023-05-24 08:07:09
2000,1066,2007,0,2023-05-24 10:19:31
2001,1066,2008,0,2023-05-24 10:19:32
2002,1066,2009,0,2023-05-24 10:19:32
2003,1067,2010,0,2023-05-24 10:28:14
2004,1067,2011,0,2023-05-24 10:28:14
2005,1067,2012,0,2023-05-24 10:28:14
2006,1068,2013,0,2023-05-24 13:02:49
2007,1068,2014,0,2023-05-24 13:02:49
2008,1068,2015,0,2023-05-24 13:02:49
2009,1069,2018,0,2023-05-25 04:00:33
2010,1069,2016,0,2023-05-25 04:00:33
2011,1069,2017,0,2023-05-25 04:00:33
2012,1070,2019,0,2023-05-25 04:01:43
2013,1070,2020,0,2023-05-25 04:01:43
2014,1070,2021,0,2023-05-25 04:01:44
2015,1071,2022,0,2023-05-25 04:53:52
2016,1071,2023,0,2023-05-25 04:53:52
2017,1071,2024,0,2023-05-25 04:53:52
2018,1072,2026,0,2023-05-25 05:06:22
2019,1072,2027,0,2023-05-25 05:06:22
2020,1072,2025,0,2023-05-25 05:06:22
2021,1073,2028,0,2023-05-25 05:54:01
2022,1073,2029,0,2023-05-25 05:54:01
2023,1073,2030,0,2023-05-25 05:54:01
2024,1074,2031,0,2023-05-25 06:52:45
2025,1075,2032,0,2023-05-25 06:56:03
2026,1075,2033,0,2023-05-25 06:56:04
2027,1076,2034,0,2023-05-25 10:03:36
2028,1077,2036,0,2023-05-25 10:06:00
2029,1077,2035,0,2023-05-25 10:06:00
2030,1078,2038,0,2023-05-25 10:12:32
2031,1078,2037,0,2023-05-25 10:12:32
2032,1078,2039,0,2023-05-25 10:12:32
2033,1078,2041,0,2023-05-25 10:12:32
2034,1078,2040,0,2023-05-25 10:12:33
2035,1079,2042,0,2023-05-26 05:44:28
2036,1080,2043,0,2023-05-31 07:16:15
2057,1084,2064,0,2023-06-02 09:39:59
2058,1084,2065,0,2023-06-02 09:39:59
2059,1084,2066,0,2023-06-02 09:39:59
2060,1084,2067,0,2023-06-02 09:39:59
2061,1085,2071,0,2023-06-05 02:59:01
2062,1085,2069,0,2023-06-05 02:59:01
2063,1085,2070,0,2023-06-05 02:59:01
2064,1085,2068,0,2023-06-05 02:59:01
2065,1086,2073,0,2023-06-05 04:29:13
2066,1086,2074,0,2023-06-05 04:29:13
2067,1086,2075,0,2023-06-05 04:29:13
2068,1086,2076,0,2023-06-05 04:29:13
2069,1086,2077,0,2023-06-05 04:29:13
2070,1086,2072,0,2023-06-05 04:29:13
2071,1087,2078,0,2023-06-14 02:39:03
2072,1088,2080,0,2023-06-22 04:37:44
2073,1088,2079,0,2023-06-22 04:37:44
2074,1088,2081,0,2023-06-22 04:37:45
2075,1089,2083,0,2023-06-22 10:38:48
2076,1089,2082,0,2023-06-22 10:38:49
2077,1089,2084,0,2023-06-22 10:38:49
2078,1089,2085,0,2023-06-22 10:38:50
2079,1090,2087,0,2023-06-22 10:41:41
2080,1090,2086,0,2023-06-22 10:41:41
2081,1090,2088,0,2023-06-22 10:41:41
2082,1090,2089,0,2023-06-22 10:41:42
2083,1091,2090,0,2023-06-23 02:09:52
2084,1092,2091,0,2023-06-23 02:10:28
2085,1093,2092,0,2023-06-23 02:11:02
2086,1094,2093,0,2023-06-23 02:11:57
2087,1095,2094,0,2023-06-23 05:11:01
2088,1095,2095,0,2023-06-23 05:11:01
2089,1096,2096,0,2023-06-23 05:15:41
2090,1096,2097,0,2023-06-23 05:15:41
2091,1097,2098,0,2023-06-23 05:18:49
2092,1097,2099,0,2023-06-23 05:18:49
2093,1098,2100,0,2023-06-30 09:48:20
2094,1099,2101,0,2023-07-02 09:43:35
2095,1100,2102,0,2023-07-03 01:01:23
2096,1101,2103,0,2023-07-03 01:02:15
2097,1102,2104,0,2023-07-03 01:02:59
2098,1103,2105,0,2023-07-03 01:04:21
2099,1104,2106,0,2023-07-03 01:06:14
2100,1105,2107,0,2023-07-03 01:06:48
2101,1106,2108,0,2023-07-03 04:33:06
2102,1107,2109,0,2023-07-03 04:38:26
2103,1108,2111,0,2023-07-03 05:14:42
2104,1108,2110,0,2023-07-03 05:14:42
2105,1109,2112,0,2023-07-05 04:29:54
2106,1110,2113,0,2023-07-05 04:48:10
2110,1113,2117,0,2023-07-11 06:56:01
2111,1113,2118,0,2023-07-11 06:56:01
2112,1114,2120,0,2023-07-11 08:57:28
2113,1114,2119,0,2023-07-11 08:57:28
2114,1115,2121,0,2023-07-14 04:55:51
2115,1115,2122,0,2023-07-14 04:55:52
2116,1116,2123,0,2023-07-14 04:57:28
2117,1117,2124,0,2023-07-14 05:03:54
2118,1118,2125,0,2023-07-14 05:07:04
2119,1119,2126,0,2023-07-14 05:08:07
2120,1119,2127,0,2023-07-14 05:08:08
2121,1120,2128,0,2023-07-18 04:50:14
2122,1120,2129,0,2023-07-18 04:50:14
2123,1120,2130,0,2023-07-18 04:50:14
2124,1121,2131,0,2023-07-20 07:22:59
2125,1122,2132,0,2023-07-20 07:34:40
2126,1122,2133,0,2023-07-20 07:34:40
2127,1122,2134,0,2023-07-20 07:34:41
2128,1123,2135,0,2023-07-27 10:12:20
2129,1123,2136,0,2023-07-27 10:12:20
2130,1124,2138,0,2023-08-01 09:56:31
2131,1124,2137,0,2023-08-01 09:56:31
2132,1125,2139,0,2023-08-02 08:10:17
2133,1125,2140,0,2023-08-02 08:10:17
2134,1126,2141,0,2023-08-02 08:13:46
2135,1127,2142,0,2023-08-02 08:35:55
2136,1128,2143,0,2023-08-02 08:57:40
2137,1129,2144,0,2023-08-02 09:00:54
2138,1129,2145,0,2023-08-02 09:00:55
2139,1130,2146,0,2023-08-02 09:04:10
2140,1130,2147,0,2023-08-02 09:04:10
2141,1131,2148,0,2023-08-02 09:07:35
2142,1132,2149,0,2023-08-02 09:08:27
2143,1133,2150,0,2023-08-02 09:14:59
2144,1134,2151,0,2023-08-02 09:17:48
2145,1135,2152,0,2023-08-02 09:23:26
2146,1136,2153,0,2023-08-02 09:36:08
2147,1137,2154,0,2023-08-02 09:39:52
2148,1138,2155,0,2023-08-02 09:42:22
2149,1139,2156,0,2023-08-02 09:46:34
2150,1140,2157,0,2023-08-02 09:48:16
2151,1141,2158,0,2023-08-02 09:50:26
2152,1142,2160,0,2023-08-02 09:54:27
2153,1142,2159,0,2023-08-02 09:54:28
2154,1143,2161,0,2023-08-02 09:59:47
2155,1144,2162,0,2023-08-02 10:02:48
2156,1145,2163,0,2023-08-02 10:10:26
2157,1146,2164,0,2023-08-02 10:15:40
2158,1147,2165,0,2023-08-02 10:20:42
2159,1148,2166,0,2023-08-02 10:30:45
2160,1149,2167,0,2023-08-02 10:31:11
2161,1150,2168,0,2023-08-02 10:34:22
2162,1151,2169,0,2023-08-02 10:49:21
2163,1152,2170,0,2023-08-02 10:51:30
2164,1153,2171,0,2023-08-07 07:51:31
2165,1154,2172,0,2023-08-08 09:24:52
2166,1154,2173,0,2023-08-08 09:24:52
2167,1155,2174,0,2023-08-11 07:34:50
2168,1156,2175,0,2023-08-11 08:02:53
2169,1162,2177,0,2023-08-18 05:49:11
2170,1162,2176,0,2023-08-18 05:49:11
2171,1163,2178,0,2023-08-25 06:00:38
2172,1164,2179,0,2023-08-29 09:00:34
2173,1165,2180,0,2023-08-30 05:55:10
2174,1166,2182,0,2023-09-01 06:27:09
2175,1166,2181,0,2023-09-01 06:27:09
2200,1174,2207,0,2023-09-04 06:16:56
2201,1174,2208,0,2023-09-04 06:16:56
2202,1174,2210,0,2023-09-04 06:16:56
2203,1174,2209,0,2023-09-04 06:16:56
2204,1175,2211,0,2023-09-04 06:18:28
2205,1176,2214,0,2023-09-04 06:19:19
2206,1176,2215,0,2023-09-04 06:19:19
2207,1176,2216,0,2023-09-04 06:19:19
2208,1176,2213,0,2023-09-04 06:19:19
2209,1176,2212,0,2023-09-04 06:19:19
2211,1178,2218,0,2023-09-04 06:30:55
2216,1180,2226,0,2023-09-04 06:38:59
2217,1180,2224,0,2023-09-04 06:38:59
2218,1180,2228,0,2023-09-04 06:38:59
2219,1180,2227,0,2023-09-04 06:38:59
2220,1180,2225,0,2023-09-04 06:38:59
2221,1180,2223,0,2023-09-04 06:38:59
2222,1181,2231,0,2023-09-21 04:37:48
2223,1181,2229,0,2023-09-21 04:37:48
2224,1181,2230,0,2023-09-21 04:37:48
2225,1182,2232,0,2023-09-21 05:00:05
2226,1182,2233,0,2023-09-21 05:00:05
2227,1182,2234,0,2023-09-21 05:00:05
2228,1182,2235,0,2023-09-21 05:00:05
2229,1183,2236,0,2023-09-21 05:57:53
2230,1183,2238,0,2023-09-21 05:57:53
2231,1183,2239,0,2023-09-21 05:57:53
2232,1183,2237,0,2023-09-21 05:57:53
2233,1184,2240,0,2023-09-21 06:06:00
2234,1185,2241,0,2023-09-25 07:04:41
2235,1185,2242,0,2023-09-25 07:04:42
2236,1186,2243,0,2023-09-25 07:06:51
2237,1187,2244,0,2023-09-26 01:38:20
2238,1187,2245,0,2023-09-26 01:38:20
2239,1187,2246,0,2023-09-26 01:38:21
2240,1187,2247,0,2023-09-26 01:38:21
2241,1187,2248,0,2023-09-26 01:38:21
2242,1188,2249,0,2023-09-26 01:50:29
2243,1188,2250,0,2023-09-26 01:50:29
2244,1188,2251,0,2023-09-26 01:50:29
2245,1188,2252,0,2023-09-26 01:50:29
2246,1189,2253,0,2023-09-26 01:57:28
2247,1189,2255,0,2023-09-26 01:57:28
2248,1189,2256,0,2023-09-26 01:57:28
2249,1189,2254,0,2023-09-26 01:57:28
2250,1189,2257,0,2023-09-26 01:57:28
2251,1190,2258,0,2023-09-26 02:09:29
2252,1191,2259,0,2023-09-26 03:01:07
2253,1191,2260,0,2023-09-26 03:01:07
2254,1191,2263,0,2023-09-26 03:01:07
2255,1191,2261,0,2023-09-26 03:01:07
2256,1191,2262,0,2023-09-26 03:01:07
2257,1192,2264,0,2023-09-26 05:00:05
2258,1192,2265,0,2023-09-26 05:00:06
2259,1192,2267,0,2023-09-26 05:00:06
2260,1192,2266,0,2023-09-26 05:00:06
2261,1193,2268,0,2023-09-26 06:02:37
2262,1193,2269,0,2023-09-26 06:02:37
2263,1193,2270,0,2023-09-26 06:02:37
2264,1193,2271,0,2023-09-26 06:02:38
2265,1193,2272,0,2023-09-26 06:02:38
2266,1194,2274,0,2023-09-26 06:17:34
2267,1194,2273,0,2023-09-26 06:17:35
2268,1194,2275,0,2023-09-26 06:17:35
2269,1194,2276,0,2023-09-26 06:17:35
2270,1195,2277,0,2023-09-26 06:41:23
2271,1195,2278,0,2023-09-26 06:41:23
2272,1195,2281,0,2023-09-26 06:41:23
2273,1195,2279,0,2023-09-26 06:41:23
2274,1195,2280,0,2023-09-26 06:41:23
2275,1196,2282,0,2023-09-26 07:56:42
2276,1196,2284,0,2023-09-26 07:56:42
2277,1196,2283,0,2023-09-26 07:56:43
2278,1197,2285,0,2023-09-26 07:57:46
2279,1197,2287,0,2023-09-26 07:57:46
2280,1197,2286,0,2023-09-26 07:57:47
2281,1198,2288,0,2023-09-26 08:16:13
2282,1198,2289,0,2023-09-26 08:16:13
2283,1198,2290,0,2023-09-26 08:16:13
2284,1198,2291,0,2023-09-26 08:16:13
2285,1198,2292,0,2023-09-26 08:16:13
2286,1198,2293,0,2023-09-26 08:16:14
2287,1199,2294,0,2023-09-26 09:06:39
2288,1199,2295,0,2023-09-26 09:06:39
2289,1200,2296,0,2023-09-26 09:40:23
2290,1201,2297,0,2023-09-27 02:53:41
2291,1202,2298,0,2023-09-27 02:58:59
2292,1203,2299,0,2023-09-27 06:16:05
2293,1203,2300,0,2023-09-27 06:16:05
2294,1204,2301,0,2023-10-04 06:15:06
2295,1204,2302,0,2023-10-04 06:15:06
2296,1205,2304,0,2023-10-04 06:32:48
2297,1205,2306,0,2023-10-04 06:32:48
2298,1205,2307,0,2023-10-04 06:32:48
2299,1205,2308,0,2023-10-04 06:32:48
2300,1205,2303,0,2023-10-04 06:32:48
2301,1205,2305,0,2023-10-04 06:32:49
2302,1206,2310,0,2023-10-04 06:46:18
2303,1206,2313,0,2023-10-04 06:46:18
2304,1206,2312,0,2023-10-04 06:46:18
2305,1206,2314,0,2023-10-04 06:46:19
2306,1206,2309,0,2023-10-04 06:46:19
2307,1206,2311,0,2023-10-04 06:46:19
2308,1207,2316,0,2023-10-04 07:03:08
2309,1207,2315,0,2023-10-04 07:03:08
2310,1208,2317,0,2023-10-04 07:24:46
2311,1208,2320,0,2023-10-04 07:24:46
2312,1208,2322,0,2023-10-04 07:24:46
2313,1208,2319,0,2023-10-04 07:24:46
2314,1208,2321,0,2023-10-04 07:24:47
2315,1208,2323,0,2023-10-04 07:24:47
2316,1208,2324,0,2023-10-04 07:24:47
2317,1208,2318,0,2023-10-04 07:24:47
2318,1209,2325,0,2023-10-04 07:52:43
2319,1209,2326,0,2023-10-04 07:52:44
2320,1210,2329,0,2023-10-04 07:57:48
2321,1210,2331,0,2023-10-04 07:57:48
2322,1210,2332,0,2023-10-04 07:57:48
2323,1210,2328,0,2023-10-04 07:57:48
2324,1210,2333,0,2023-10-04 07:57:49
2325,1210,2327,0,2023-10-04 07:57:49
2326,1210,2330,0,2023-10-04 07:57:49
2327,1211,2335,0,2023-10-05 04:24:16
2328,1211,2334,0,2023-10-05 04:24:17
2329,1212,2337,0,2023-10-05 05:11:40
2330,1212,2336,0,2023-10-05 05:11:40
2331,1213,2338,0,2023-10-05 05:23:16
2332,1214,2340,0,2023-10-05 05:52:52
2333,1214,2342,0,2023-10-05 05:52:52
2334,1214,2343,0,2023-10-05 05:52:52
2335,1214,2341,0,2023-10-05 05:52:52
2336,1214,2344,0,2023-10-05 05:52:53
2337,1214,2339,0,2023-10-05 05:52:53
2338,1215,2347,0,2023-10-05 06:12:26
2339,1215,2345,0,2023-10-05 06:12:26
2340,1215,2346,0,2023-10-05 06:12:26
2341,1215,2348,0,2023-10-05 06:12:26
2342,1215,2349,0,2023-10-05 06:12:27
2343,1215,2350,0,2023-10-05 06:12:27
2344,1216,2351,0,2023-10-05 06:33:58
2345,1216,2352,0,2023-10-05 06:33:58
2346,1217,2353,0,2023-10-05 06:39:45
2347,1217,2354,0,2023-10-05 06:39:45
2348,1218,2355,0,2023-10-05 07:25:04
2349,1218,2357,0,2023-10-05 07:25:04
2350,1218,2356,0,2023-10-05 07:25:05
2351,1219,2358,0,2023-10-05 07:25:06
2352,1219,2360,0,2023-10-05 07:25:06
2353,1219,2359,0,2023-10-05 07:25:07
2354,1220,2361,0,2023-10-05 07:34:24
2355,1220,2363,0,2023-10-05 07:34:24
2356,1220,2362,0,2023-10-05 07:34:24
2357,1221,2364,0,2023-10-05 11:31:49
2358,1222,2365,0,2023-10-05 11:38:43
2359,1223,2366,0,2023-10-06 01:35:09
2360,1223,2367,0,2023-10-06 01:35:10
2361,1224,2368,0,2023-10-06 01:44:23
2362,1224,2369,0,2023-10-06 01:44:23
2363,1224,2370,0,2023-10-06 01:44:24
2364,1225,2371,0,2023-10-06 02:03:33
2365,1225,2372,0,2023-10-06 02:03:34
2366,1226,2373,0,2023-10-06 02:11:37
2367,1226,2374,0,2023-10-06 02:11:38
2368,1227,2377,0,2023-10-06 02:12:36
2369,1227,2375,0,2023-10-06 02:12:36
2370,1227,2376,0,2023-10-06 02:12:36
2371,1228,2380,0,2023-10-06 02:33:56
2372,1228,2379,0,2023-10-06 02:33:56
2373,1228,2378,0,2023-10-06 02:33:56
2374,1229,2381,0,2023-10-06 02:34:52
2375,1230,2382,0,2023-10-06 02:53:19
2376,1230,2383,0,2023-10-06 02:53:19
2377,1230,2384,0,2023-10-06 02:53:19
2378,1230,2385,0,2023-10-06 02:53:20
2379,1231,2386,0,2023-10-06 03:02:28
2380,1231,2387,0,2023-10-06 03:02:28
2381,1232,2388,0,2023-10-06 06:03:20
2382,1233,2389,0,2023-10-06 06:12:11
2383,1234,2390,0,2023-10-06 06:40:56
2384,1234,2391,0,2023-10-06 06:40:57
2385,1235,2392,0,2023-10-06 06:47:59
2386,1235,2393,0,2023-10-06 06:47:59
2387,1235,2394,0,2023-10-06 06:48:00
2388,1235,2395,0,2023-10-06 06:48:01
2389,1236,2396,0,2023-10-06 07:02:01
2390,1237,2397,0,2023-10-06 07:06:06
2391,1238,2398,0,2023-10-06 07:07:02
2392,1238,2399,0,2023-10-06 07:07:02
2393,1239,2400,0,2023-10-06 07:10:15
2394,1240,2402,0,2023-10-06 07:16:42
2395,1240,2401,0,2023-10-06 07:16:42
2396,1241,2404,0,2023-10-06 07:38:44
2397,1241,2403,0,2023-10-06 07:38:44
2398,1242,2405,0,2023-10-06 08:05:38
2399,1242,2406,0,2023-10-06 08:05:39
2400,1243,2407,0,2023-10-06 08:06:51
2401,1243,2408,0,2023-10-06 08:06:51
2402,1244,2410,0,2023-10-06 08:10:54
2403,1244,2411,0,2023-10-06 08:10:54
2404,1244,2409,0,2023-10-06 08:10:55
2405,1245,2412,0,2023-10-06 08:17:47
2406,1246,2413,0,2023-10-06 08:26:15
2407,1246,2414,0,2023-10-06 08:26:16
2408,1247,2415,0,2023-10-06 08:34:08
2409,1248,2416,0,2023-10-06 08:35:04
2410,1248,2417,0,2023-10-06 08:35:04
2411,1248,2418,0,2023-10-06 08:35:05
2412,1249,2419,0,2023-10-06 09:01:38
2413,1249,2421,0,2023-10-06 09:01:38
2414,1249,2423,0,2023-10-06 09:01:39
2415,1249,2424,0,2023-10-06 09:01:39
2416,1249,2422,0,2023-10-06 09:01:39
2417,1249,2420,0,2023-10-06 09:01:40
2418,1250,2426,0,2023-10-06 09:41:19
2419,1250,2425,0,2023-10-06 09:41:19
2420,1251,2427,0,2023-10-06 09:45:36
2421,1252,2428,0,2023-10-06 09:48:31
2422,1253,2429,0,2023-10-06 09:52:00
2423,1254,2430,0,2023-10-06 10:02:50
2424,1255,2431,0,2023-10-06 10:08:08
2425,1256,2432,0,2023-10-06 10:12:25
2426,1257,2433,0,2023-10-06 10:23:17
2427,1258,2434,0,2023-10-06 10:26:53
2428,1259,2435,0,2023-10-06 10:33:06
2429,1260,2436,0,2023-10-06 10:36:26
2430,1261,2438,0,2023-10-06 10:49:01
2431,1261,2437,0,2023-10-06 10:49:01
2432,1262,2439,0,2023-10-06 10:51:17
2433,1263,2440,0,2023-10-06 10:54:13
2434,1264,2441,0,2023-10-06 11:38:00
2435,1265,2443,0,2023-10-06 11:41:11
2436,1265,2442,0,2023-10-06 11:41:11
2437,1266,2444,0,2023-10-06 11:47:17
2438,1266,2445,0,2023-10-06 11:47:17
2439,1267,2446,0,2023-10-06 11:52:32
2440,1268,2447,0,2023-10-06 11:54:40
2441,1269,2448,0,2023-10-06 12:01:46
2442,1270,2449,0,2023-10-07 10:59:44
2443,1270,2450,0,2023-10-07 10:59:45
2444,1271,2452,0,2023-10-07 11:05:25
2445,1271,2451,0,2023-10-07 11:05:25
2446,1272,2453,0,2023-10-07 16:03:35
2447,1273,2454,0,2023-10-09 07:56:43
2448,1274,2455,0,2023-10-09 08:04:05
2449,1275,2456,0,2023-10-09 08:12:57
2450,1276,2458,0,2023-10-09 08:15:35
2451,1276,2457,0,2023-10-09 08:15:35
2452,1277,2460,0,2023-10-09 13:32:07
2453,1277,2459,0,2023-10-09 13:32:07
2454,1278,2462,0,2023-10-10 02:07:32
2455,1278,2461,0,2023-10-10 02:07:33
2456,1279,2463,0,2023-10-10 02:09:54
2457,1280,2465,0,2023-10-10 02:16:51
2458,1280,2464,0,2023-10-10 02:16:52
2459,1281,2468,0,2023-10-10 02:19:44
2460,1281,2467,0,2023-10-10 02:19:45
2461,1281,2466,0,2023-10-10 02:19:46
2462,1282,2470,0,2023-10-10 02:23:54
2463,1282,2471,0,2023-10-10 02:23:54
2464,1282,2469,0,2023-10-10 02:23:55
2465,1283,2472,0,2023-10-10 02:27:22
2466,1283,2474,0,2023-10-10 02:27:22
2467,1283,2475,0,2023-10-10 02:27:22
2468,1283,2473,0,2023-10-10 02:27:23
2469,1284,2476,0,2023-10-10 02:30:52
2470,1284,2477,0,2023-10-10 02:30:52
2471,1285,2478,0,2023-10-10 02:42:32
2472,1285,2480,0,2023-10-10 02:42:32
2473,1285,2479,0,2023-10-10 02:42:32
2474,1286,2481,0,2023-10-10 02:43:48
2475,1287,2482,0,2023-10-13 02:05:07
2476,1287,2483,0,2023-10-13 02:05:08
2477,1288,2484,0,2023-10-13 02:11:24
2478,1288,2485,0,2023-10-13 02:11:24
2479,1288,2486,0,2023-10-13 02:11:24
2480,1289,2487,0,2023-10-13 04:49:30
2481,1290,2488,0,2023-10-13 04:57:29
2482,1291,2489,0,2023-10-16 02:01:09
2483,1291,2490,0,2023-10-16 02:01:09
2484,1291,2492,0,2023-10-16 02:01:10
2485,1291,2491,0,2023-10-16 02:01:10
2486,1292,2493,0,2023-10-17 04:12:47
2487,1292,2494,0,2023-10-17 04:12:47
2488,1292,2495,0,2023-10-17 04:12:48
2489,1293,2496,0,2023-10-17 09:34:45
2490,1293,2497,0,2023-10-17 09:34:47
2491,1294,2498,0,2023-10-17 09:42:11
2492,1295,2499,0,2023-10-17 09:48:52
2493,1296,2502,0,2023-10-18 01:48:13
2494,1296,2501,0,2023-10-18 01:48:13
2495,1296,2500,0,2023-10-18 01:48:14
2496,1296,2503,0,2023-10-18 01:48:14
2497,1297,2504,0,2023-10-18 04:57:11
2498,1297,2505,0,2023-10-18 04:57:12
2499,1298,2506,0,2023-10-18 06:40:02
2500,1298,2507,0,2023-10-18 06:40:03
2501,1299,2508,0,2023-10-18 09:31:00
2502,1299,2509,0,2023-10-18 09:31:00
2503,1299,2510,0,2023-10-18 09:31:00
2504,1299,2512,0,2023-10-18 09:31:00
2505,1299,2511,0,2023-10-18 09:31:00
2506,1299,2513,0,2023-10-18 09:31:00
2507,1299,2514,0,2023-10-18 09:31:00
2508,1300,2515,0,2023-10-18 09:40:27
2509,1300,2516,0,2023-10-18 09:40:27
2510,1300,2518,0,2023-10-18 09:40:27
2511,1300,2519,0,2023-10-18 09:40:27
2512,1300,2517,0,2023-10-18 09:40:27
2513,1301,2520,0,2023-10-18 09:42:14
2514,1301,2521,0,2023-10-18 09:42:14
2515,1302,2522,0,2023-10-18 09:45:45
2516,1302,2523,0,2023-10-18 09:45:45
2517,1303,2524,0,2023-10-18 09:54:39
2518,1303,2525,0,2023-10-18 09:54:39
2519,1303,2526,0,2023-10-18 09:54:39
2520,1303,2527,0,2023-10-18 09:54:39
2521,1303,2529,0,2023-10-18 09:54:39
2522,1303,2528,0,2023-10-18 09:54:39
2523,1304,2530,0,2023-10-18 09:56:53
2524,1304,2531,0,2023-10-18 09:56:53
2525,1305,2532,0,2023-10-18 09:58:07
2526,1305,2533,0,2023-10-18 09:58:07
2527,1305,2534,0,2023-10-18 09:58:07
2528,1306,2535,0,2023-10-19 01:02:45
2529,1306,2536,0,2023-10-19 01:02:45
2530,1306,2537,0,2023-10-19 01:02:45
2531,1306,2538,0,2023-10-19 01:02:46
2532,1306,2539,0,2023-10-19 01:02:46
2533,1307,2540,0,2023-10-19 01:13:27
2534,1307,2541,0,2023-10-19 01:13:27
2535,1307,2542,0,2023-10-19 01:13:27
2536,1308,2543,0,2023-10-19 02:01:27
2537,1309,2544,0,2023-10-19 04:41:18
2538,1309,2545,0,2023-10-19 04:41:18
2539,1309,2546,0,2023-10-19 04:41:18
2540,1309,2548,0,2023-10-19 04:41:18
2541,1309,2547,0,2023-10-19 04:41:18
2542,1309,2549,0,2023-10-19 04:41:18
2543,1310,2550,0,2023-10-19 04:47:32
2544,1311,2551,0,2023-10-19 04:48:55
2545,1311,2552,0,2023-10-19 04:48:55
2546,1311,2553,0,2023-10-19 04:48:56
2547,1312,2554,0,2023-10-19 04:49:30
2548,1313,2555,0,2023-10-19 04:52:57
2549,1313,2556,0,2023-10-19 04:52:57
2550,1313,2557,0,2023-10-19 04:52:57
2551,1313,2558,0,2023-10-19 04:52:57
2552,1314,2559,0,2023-10-19 04:59:36
2553,1314,2560,0,2023-10-19 04:59:36
2554,1314,2561,0,2023-10-19 04:59:37
2555,1315,2562,0,2023-10-19 05:07:21
2556,1316,2563,0,2023-10-19 05:15:03
2557,1316,2564,0,2023-10-19 05:15:03
2558,1316,2565,0,2023-10-19 05:15:03
2559,1316,2569,0,2023-10-19 05:15:03
2560,1316,2568,0,2023-10-19 05:15:03
2561,1316,2566,0,2023-10-19 05:15:03
2562,1316,2567,0,2023-10-19 05:15:03
2563,1317,2570,0,2023-10-19 06:10:24
2564,1318,2572,0,2023-10-19 06:46:59
2565,1318,2571,0,2023-10-19 06:46:59
2566,1318,2573,0,2023-10-19 06:46:59
2567,1318,2574,0,2023-10-19 06:46:59
2568,1318,2575,0,2023-10-19 06:46:59
2569,1319,2576,0,2023-10-19 07:13:55
2570,1319,2577,0,2023-10-19 07:13:55
2571,1319,2578,0,2023-10-19 07:13:55
2572,1319,2580,0,2023-10-19 07:13:55
2573,1319,2579,0,2023-10-19 07:13:55
2574,1320,2581,0,2023-10-19 07:23:51
2575,1320,2582,0,2023-10-19 07:23:51
2576,1320,2585,0,2023-10-19 07:23:51
2577,1320,2584,0,2023-10-19 07:23:51
2578,1320,2583,0,2023-10-19 07:23:51
2579,1321,2586,0,2023-10-19 07:38:41
2580,1321,2587,0,2023-10-19 07:38:41
2581,1321,2588,0,2023-10-19 07:38:41
2582,1322,2589,0,2023-10-19 07:41:59
2583,1323,2590,0,2023-10-19 07:50:40
2584,1324,2591,0,2023-10-19 07:53:19
2585,1324,2592,0,2023-10-19 07:53:19
2586,1324,2595,0,2023-10-19 07:53:19
2587,1324,2593,0,2023-10-19 07:53:19
2588,1324,2594,0,2023-10-19 07:53:19
2589,1324,2596,0,2023-10-19 07:53:19
2590,1325,2597,0,2023-10-20 01:14:25
2591,1325,2598,0,2023-10-20 01:14:25
2592,1326,2599,0,2023-10-20 01:34:54
2593,1326,2600,0,2023-10-20 01:34:54
2594,1326,2601,0,2023-10-20 01:34:54
2595,1326,2602,0,2023-10-20 01:34:54
2596,1326,2603,0,2023-10-20 01:34:54
2597,1326,2604,0,2023-10-20 01:34:54
2598,1327,2605,0,2023-10-20 02:08:37
2599,1328,2606,0,2023-10-20 03:01:49
2600,1328,2607,0,2023-10-20 03:01:49
2601,1328,2609,0,2023-10-20 03:01:49
2602,1328,2608,0,2023-10-20 03:01:49
2603,1329,2610,0,2023-10-20 04:33:31
2604,1330,2611,0,2023-10-20 04:35:43
2605,1330,2612,0,2023-10-20 04:35:43
2606,1330,2613,0,2023-10-20 04:35:43
2607,1330,2614,0,2023-10-20 04:35:43
2608,1331,2615,0,2023-10-20 04:57:14
2609,1331,2616,0,2023-10-20 04:57:14
2610,1331,2617,0,2023-10-20 04:57:14
2611,1331,2619,0,2023-10-20 04:57:14
2612,1331,2620,0,2023-10-20 04:57:14
2613,1331,2621,0,2023-10-20 04:57:14
2614,1331,2622,0,2023-10-20 04:57:14
2615,1331,2618,0,2023-10-20 04:57:14
2616,1332,2623,0,2023-10-20 05:04:40
2617,1332,2626,0,2023-10-20 05:04:40
2618,1332,2624,0,2023-10-20 05:04:40
2619,1332,2625,0,2023-10-20 05:04:40
2620,1332,2627,0,2023-10-20 05:04:40
2621,1333,2629,0,2023-10-20 05:53:31
2622,1333,2628,0,2023-10-20 05:53:31
2623,1333,2630,0,2023-10-20 05:53:31
2624,1333,2631,0,2023-10-20 05:53:31
2625,1333,2632,0,2023-10-20 05:53:31
2626,1334,2633,0,2023-10-20 05:56:47
2627,1334,2634,0,2023-10-20 05:56:47
2628,1335,2635,0,2023-10-20 06:13:33
2629,1335,2636,0,2023-10-20 06:13:33
2630,1335,2637,0,2023-10-20 06:13:33
2631,1335,2638,0,2023-10-20 06:13:33
2632,1336,2639,0,2023-10-20 06:17:02
2633,1336,2640,0,2023-10-20 06:17:02
2634,1336,2642,0,2023-10-20 06:17:02
2635,1336,2643,0,2023-10-20 06:17:02
2636,1336,2641,0,2023-10-20 06:17:02
2637,1337,2644,0,2023-10-20 06:21:13
2638,1337,2645,0,2023-10-20 06:21:13
2639,1337,2646,0,2023-10-20 06:21:13
2640,1338,2647,0,2023-10-20 06:32:31
2641,1338,2648,0,2023-10-20 06:32:31
2642,1338,2650,0,2023-10-20 06:32:31
2643,1338,2649,0,2023-10-20 06:32:31
2644,1339,2652,0,2023-10-20 06:35:10
2645,1339,2651,0,2023-10-20 06:35:10
2646,1339,2653,0,2023-10-20 06:35:10
2647,1339,2655,0,2023-10-20 06:35:10
2648,1339,2654,0,2023-10-20 06:35:10
2649,1339,2656,0,2023-10-20 06:35:10
2650,1340,2657,0,2023-10-20 06:37:03
2651,1340,2658,0,2023-10-20 06:37:03
2652,1341,2659,0,2023-10-20 06:53:49
2653,1341,2660,0,2023-10-20 06:53:49
2654,1341,2661,0,2023-10-20 06:53:50
2655,1341,2662,0,2023-10-20 06:53:51
2656,1342,2663,0,2023-10-20 07:08:43
2657,1342,2664,0,2023-10-20 07:08:43
2658,1342,2666,0,2023-10-20 07:08:43
2659,1342,2665,0,2023-10-20 07:08:43
2660,1342,2667,0,2023-10-20 07:08:43
2661,1342,2668,0,2023-10-20 07:08:43
2662,1343,2669,0,2023-10-20 07:28:34
2663,1343,2670,0,2023-10-20 07:28:34
2664,1344,2671,0,2023-10-20 07:55:57
2665,1344,2672,0,2023-10-20 07:55:57
2666,1344,2673,0,2023-10-20 07:55:57
2667,1345,2674,0,2023-10-20 08:34:10
2668,1346,2676,0,2023-10-25 02:42:29
2669,1346,2675,0,2023-10-25 02:42:30
2670,1347,2677,0,2023-10-26 05:08:03
2671,1348,2684,0,2023-10-27 04:55:42
2672,1348,2678,0,2023-10-27 04:55:42
2673,1348,2682,0,2023-10-27 04:55:42
2674,1348,2683,0,2023-10-27 04:55:42
2675,1348,2680,0,2023-10-27 04:55:43
2676,1348,2679,0,2023-10-27 04:55:43
2677,1348,2681,0,2023-10-27 04:55:43
2678,1349,2687,0,2023-10-27 05:31:45
2679,1349,2685,0,2023-10-27 05:31:45
2680,1349,2686,0,2023-10-27 05:31:45
2681,1350,2692,0,2023-10-27 05:56:17
2682,1350,2688,0,2023-10-27 05:56:17
2683,1350,2689,0,2023-10-27 05:56:17
2684,1350,2690,0,2023-10-27 05:56:18
2685,1350,2691,0,2023-10-27 05:56:18
2686,1351,2695,0,2023-10-27 06:20:39
2687,1351,2694,0,2023-10-27 06:20:39
2688,1351,2693,0,2023-10-27 06:20:39
2689,1352,2699,0,2023-10-27 08:12:19
2690,1352,2696,0,2023-10-27 08:12:19
2691,1352,2698,0,2023-10-27 08:12:20
2692,1352,2697,0,2023-10-27 08:12:20
2693,1353,2700,0,2023-10-27 08:31:22
2694,1353,2704,0,2023-10-27 08:31:22
2695,1353,2701,0,2023-10-27 08:31:23
2696,1353,2703,0,2023-10-27 08:31:23
2697,1353,2702,0,2023-10-27 08:31:23
2698,1354,2706,0,2023-10-27 08:37:55
2699,1354,2707,0,2023-10-27 08:37:55
2700,1354,2705,0,2023-10-27 08:37:56
2701,1355,2711,0,2023-10-27 08:45:56
2702,1355,2708,0,2023-10-27 08:45:57
2703,1355,2710,0,2023-10-27 08:45:57
2704,1355,2709,0,2023-10-27 08:45:57
2705,1356,2713,0,2023-11-07 04:09:06
2706,1356,2712,0,2023-11-07 04:09:07
2707,1357,2714,0,2023-11-07 04:17:45
2708,1358,2715,0,2023-11-10 07:23:33
2709,1358,2716,0,2023-11-10 07:23:33
2710,1359,2717,0,2023-11-17 08:27:10
2711,1360,2718,0,2023-11-20 02:27:19
2712,1361,2719,0,2023-11-24 06:21:42
2713,1362,2720,0,2023-11-27 05:37:20
2714,1363,2721,0,2023-11-27 05:52:55
2715,1364,2722,0,2023-11-27 06:56:52
2716,1365,2723,0,2023-11-27 07:00:09
2717,1366,2724,0,2023-11-28 00:45:29
2718,1367,2725,0,2023-11-29 01:54:37
2719,1368,2726,0,2023-11-29 02:25:37
2720,1369,2727,0,2023-11-29 02:30:33
2721,1370,2728,0,2023-11-29 02:54:52
2722,1371,2729,0,2023-11-29 04:18:09
2723,1372,2730,0,2023-11-29 04:19:30
2724,1373,2731,0,2023-11-29 04:21:29
2725,1374,2732,0,2023-11-29 04:22:46
2726,1375,2733,0,2023-11-29 04:24:27
2727,1376,2734,0,2023-11-29 04:25:42
2728,1377,2735,0,2023-11-29 04:30:39
2729,1378,2736,0,2023-11-29 04:36:17
2730,1379,2737,0,2023-11-29 04:42:32
2731,1380,2738,0,2023-11-29 04:54:47
2732,1381,2739,0,2023-11-29 04:56:50
2733,1382,2740,0,2023-11-29 05:24:22
2734,1383,2741,0,2023-12-01 05:44:26
2735,1384,2742,0,2023-12-04 07:50:13
2736,1385,2743,0,2023-12-07 07:49:52
2737,1385,2744,0,2023-12-07 07:49:52
2738,1385,2746,0,2023-12-07 07:49:52
2739,1385,2745,0,2023-12-07 07:49:53
2740,1386,2747,0,2023-12-07 09:04:18
2741,1386,2749,0,2023-12-07 09:04:18
2742,1386,2748,0,2023-12-07 09:04:18
2747,1388,2754,0,2023-12-08 06:03:14
2748,1388,2755,0,2023-12-08 06:03:14
2749,1388,2756,0,2023-12-08 06:03:14
2750,1389,2757,0,2023-12-08 06:09:52
2751,1389,2758,0,2023-12-08 06:09:52
2752,1390,2759,0,2023-12-08 07:53:21
2753,1390,2760,0,2023-12-08 07:53:21
2754,1391,2761,0,2023-12-08 09:10:28
2755,1391,2763,0,2023-12-08 09:10:28
2756,1391,2762,0,2023-12-08 09:10:28
2757,1392,2764,0,2023-12-12 06:49:51
2758,1392,2766,0,2023-12-12 06:49:51
2759,1392,2765,0,2023-12-12 06:49:51
2760,1393,2767,0,2023-12-12 07:06:04
2761,1393,2768,0,2023-12-12 07:06:04
2762,1393,2770,0,2023-12-12 07:06:04
2763,1393,2769,0,2023-12-12 07:06:04
2764,1394,2771,0,2023-12-13 08:51:25
2765,1394,2772,0,2023-12-13 08:51:25
2771,1396,2778,0,2023-12-14 05:22:33
2782,1399,2790,0,2023-12-14 05:33:07
2786,1400,2794,0,2023-12-14 05:33:39
2787,1401,2796,0,2023-12-14 05:36:09
2788,1401,2797,0,2023-12-14 05:36:09
2789,1401,2795,0,2023-12-14 05:36:09
2790,1401,2798,0,2023-12-14 05:36:09
2791,1402,2799,0,2023-12-14 06:35:34
2792,1403,2800,0,2023-12-14 06:38:29
2793,1404,2801,0,2023-12-14 06:44:17
2794,1404,2802,0,2023-12-14 06:44:17
2795,1405,2803,0,2023-12-14 11:05:42
2796,1406,2804,0,2023-12-14 11:12:20
2797,1407,2805,0,2023-12-14 11:13:17
2798,1408,2806,0,2023-12-15 01:21:38
2799,1409,2807,0,2023-12-15 01:28:37
2800,1409,2808,0,2023-12-15 01:28:37
2801,1410,2809,0,2023-12-15 02:03:16
2802,1411,2810,0,2023-12-15 02:13:12
2803,1412,2811,0,2023-12-15 02:17:16
2804,1413,2812,0,2023-12-15 02:25:13
2805,1414,2813,0,2023-12-18 00:39:32
2806,1415,2814,0,2023-12-18 01:54:01
2808,1417,2816,0,2023-12-20 05:42:21
2809,1417,2817,0,2023-12-20 05:42:21
2810,1418,2818,0,2023-12-21 07:28:06
2811,1419,2820,0,2023-12-26 01:14:20
2812,1419,2819,0,2023-12-26 01:14:20
2813,1420,2821,0,2023-12-26 01:34:08
2814,1421,2822,0,2023-12-26 01:41:39
2815,1421,2823,0,2023-12-26 01:41:39
2816,1422,2824,0,2023-12-26 01:46:05
2817,1422,2825,0,2023-12-26 01:46:05
2818,1423,2826,0,2023-12-26 02:04:45
2819,1423,2827,0,2023-12-26 02:04:45
2820,1424,2828,0,2023-12-26 09:03:06
2821,1424,2829,0,2023-12-26 09:03:06
2822,1425,2830,0,2023-12-26 09:14:04
2823,1425,2831,0,2023-12-26 09:14:04
2824,1426,2832,0,2023-12-26 09:18:20
2825,1426,2833,0,2023-12-26 09:18:20
2826,1427,2835,0,2023-12-28 01:58:13
2827,1427,2834,0,2023-12-28 01:58:13
2828,1427,2836,0,2023-12-28 01:58:13
2829,1428,2837,0,2023-12-28 02:22:03
2830,1429,2838,0,2023-12-28 02:46:51
2831,1429,2839,0,2023-12-28 02:46:51
2832,1430,2840,0,2023-12-28 04:35:30
2833,1430,2841,0,2023-12-28 04:35:30
2834,1431,2842,0,2023-12-28 04:46:04
2835,1432,2843,0,2023-12-28 05:05:14
2836,1433,2844,0,2024-01-19 02:35:22
2837,1433,2845,0,2024-01-19 02:35:22
2838,1434,2846,0,2024-01-19 02:38:37
2839,1435,2847,0,2024-01-25 08:10:47
2840,1436,2849,0,2024-02-01 01:57:37
2841,1436,2848,0,2024-02-01 01:57:38
2842,1437,2851,0,2024-02-01 04:17:07
2843,1437,2850,0,2024-02-01 04:17:07
2844,1438,2852,0,2024-02-01 05:56:08
2845,1439,2853,0,2024-02-01 08:01:07
2846,1440,2854,0,2024-02-08 06:30:27
2847,1441,2855,0,2024-02-14 09:11:50
2848,1442,2856,0,2024-02-14 10:00:07
2849,1443,2857,0,2024-02-14 10:11:02
2850,1444,2858,0,2024-02-15 01:20:30
2851,1445,2860,0,2024-02-15 06:19:40
2852,1445,2859,0,2024-02-15 06:19:41
2853,1446,2862,0,2024-02-15 08:15:44
2854,1446,2861,0,2024-02-15 08:15:44
2855,1447,2863,0,2024-02-15 08:55:17
2856,1448,2864,0,2024-02-16 05:49:32
2857,1449,2865,0,2024-02-16 05:56:41
2858,1450,2866,0,2024-02-16 08:53:32
2859,1451,2867,0,2024-02-16 10:35:51
2860,1452,2868,0,2024-02-16 10:44:23
2861,1453,2869,0,2024-02-16 10:54:37
2862,1454,2870,0,2024-02-20 02:31:15
2863,1455,2871,0,2024-02-20 02:47:07
2864,1456,2872,0,2024-02-20 02:53:57
2865,1457,2876,0,2024-02-20 02:59:21
2866,1457,2875,0,2024-02-20 02:59:21
2867,1457,2874,0,2024-02-20 02:59:22
2868,1457,2873,0,2024-02-20 02:59:22
2869,1458,2877,0,2024-02-20 09:42:24
2870,1458,2878,0,2024-02-20 09:42:25
2871,1459,2879,0,2024-02-21 09:12:07
2872,1460,2880,0,2024-02-21 09:14:42
2873,1461,2882,0,2024-03-15 06:27:14
2874,1461,2884,0,2024-03-15 06:27:14
2875,1461,2881,0,2024-03-15 06:27:14
2876,1461,2883,0,2024-03-15 06:27:14
2877,1462,2885,0,2024-03-22 07:25:11
2878,1463,2886,0,2024-03-28 07:20:27